#{"t_start": 1711238486.2543008, "env_id": "LunarLander-v2"}
r,l,t
-173.362264,100,1.151647
-82.087366,78,1.43706
-268.15279,97,1.768714
-95.956529,97,2.08412
-229.278175,73,2.32772
-183.808443,71,2.561028
-267.47039,98,2.898087
-335.861772,96,3.285244
-115.50839,105,3.688343
-287.520897,120,4.161474
-98.943091,114,9.194653
-136.829755,112,9.648881
-403.306309,128,10.090434
-223.15366,103,10.483004
-80.34623,72,10.731989
-143.333962,72,11.039912
-195.105839,73,11.364274
-223.867723,141,11.982781
-55.105682,81,12.318055
-389.500392,81,12.603047
-271.78538,112,13.072469
-99.839443,110,18.135373
-75.131952,65,18.397707
-197.461752,94,18.789302
-90.927233,76,19.119251
-101.840975,78,19.447786
-77.717887,71,19.789938
-132.044191,80,20.154443
2.656764,65,20.455349
-93.567675,60,20.734517
-95.433582,66,20.970929
-90.767744,70,21.208046
-72.011532,76,21.462796
-125.231837,60,21.680956
-438.686586,145,26.667781
-2.757599,149,27.175385
-113.265522,78,27.436087
-79.954749,69,27.688714
-91.21855,72,27.94227
-80.2678,66,28.227002
-124.819528,61,28.449008
-99.077212,75,28.719023
-130.038658,72,28.982592
-75.421126,63,29.191046
-265.282226,144,29.691203
-82.798902,136,34.502467
-102.890968,66,34.797197
-141.672159,85,35.131106
-73.520325,67,35.401173
-61.870101,61,35.658628
-64.433011,71,36.04491
-74.184205,78,36.404644
-91.771429,86,36.79546
-102.863975,78,37.161796
-96.952418,105,37.661583
-69.286067,76,37.991708
-199.645617,122,38.467837
-72.234137,93,38.801712
-88.725255,84,43.750426
-70.37396,65,43.972747
-130.999541,107,44.340619
-58.129245,151,44.889614
-101.094812,111,45.298717
103.911444,1000,54.087513
-87.752764,106,54.497572
-100.03595,76,54.766606
-137.786577,144,55.2862
-99.231097,83,55.649122
-59.984969,79,55.977795
-70.727785,126,60.914339
-63.109545,116,61.409265
-54.50563,105,61.910454
-178.112898,115,62.392668
-85.64048,91,62.719735
-130.283561,103,63.100558
-96.876342,116,63.525358
-81.23554,79,63.823088
-45.637488,95,64.203727
-101.941236,111,64.624865
-77.221975,149,69.766026
-56.672958,128,70.317019
-52.612104,92,70.670126
-10.44487,92,71.042128
-76.805672,122,71.540425
-7.074658,103,71.916432
-94.593893,135,72.454152
-63.714087,88,72.826763
-70.102016,130,73.362355
-42.681266,90,78.101968
-6.530735,101,78.55923
-44.999057,139,79.133639
-34.974177,84,79.460341
-25.301902,137,79.991684
-26.853965,155,80.595191
-20.36271,96,81.019759
-24.943912,136,81.559936
-181.768881,110,86.303695
-37.017074,150,86.992302
-75.89065,110,87.629566
-46.32494,141,88.277491
-10.025064,102,88.806327
-13.501735,125,89.495404
11.567102,114,90.187335
-5.289921,130,91.13704
2.949369,112,91.809875
21.10385,144,97.101439
-10.995995,144,98.218823
-47.972794,163,99.348588
-15.196573,155,100.364655
13.083798,179,101.738379
108.555847,1000,113.670568
-35.779715,155,115.178822
6.105303,207,121.285093
-25.716165,176,122.732603
29.680333,1000,139.990525
-16.539963,1000,155.783254
87.516446,1000,173.515826
14.99154,242,176.954865
-46.569644,286,180.8907
-12.198711,243,184.100188
-4.12973,319,192.322873
39.653394,1000,208.339389
-33.448612,217,211.315885
37.033874,238,214.744229
78.211823,1000,232.798712
93.024486,1000,251.231189
160.125104,1000,270.543799
134.429702,1000,289.427717
154.965215,1000,307.819475
152.350471,692,321.008156
110.733766,1000,341.043392
145.044607,1000,360.177655
166.480817,1000,379.284702
130.005626,1000,398.382208
108.52077,1000,418.791935
154.187189,1000,438.987155
125.960555,1000,458.403229
113.790268,1000,477.558423
137.226399,1000,497.144667
104.563847,1000,511.831193
165.096039,1000,530.232664
232.95065,422,540.58368
26.583986,305,545.269147
99.593054,1000,564.413939
142.790523,1000,584.375525
117.028225,1000,604.043633
30.106517,328,609.09912
138.42411,1000,629.378144
99.070558,1000,649.025413
87.502916,1000,669.600706
25.622589,323,678.661399
166.232659,1000,698.665003
135.842374,1000,718.893632
155.126893,1000,740.375947
147.377731,1000,760.984879
160.140881,1000,781.066188
154.562767,1000,801.899419
141.147599,1000,822.45751
117.154712,1000,837.17917
115.002103,1000,856.110701
127.504659,1000,876.186434
167.045346,1000,895.368538
146.906359,1000,913.413034
114.356852,1000,931.382782
156.493374,1000,949.982342
165.672044,1000,968.17468
142.068195,1000,987.108792
136.952138,1000,1005.909831
30.218147,327,1013.614549
114.225571,1000,1031.55915
49.371176,263,1035.416217
123.761169,1000,1054.335385
255.937287,724,1068.743628
5.649022,307,1072.668464
29.609811,315,1077.348596
111.787028,1000,1093.941879
241.31211,523,1104.533888
275.599595,647,1111.892931
-1.351708,309,1120.348939
13.488143,289,1123.114158
12.545272,319,1126.150429
243.302576,596,1135.809541
234.995777,422,1139.969299
252.204765,375,1143.883512
233.731504,334,1151.330285
214.11183,370,1154.770049
232.096276,361,1162.751029
219.040094,418,1167.334861
294.274391,336,1170.725935
218.99005,460,1180.057755
249.964511,444,1184.576103
233.369366,459,1193.029773
253.718938,361,1196.271086
286.272096,342,1199.233397
263.282401,352,1206.493107
290.993389,337,1209.556236
267.659029,311,1212.6241
275.739249,296,1219.628351
249.370608,309,1222.385379
293.990824,419,1226.119185
232.715937,336,1233.146254
250.992142,367,1236.570816
260.636372,338,1239.505815
265.463273,350,1247.047104
268.287821,373,1250.205345
44.888052,236,1252.225822
283.152866,501,1261.348016
249.377609,330,1263.784036
172.645831,1000,1276.989834
262.298362,377,1280.268694
259.931876,362,1287.402445
178.768705,1000,1300.488115
249.4632,344,1303.499817
249.640591,294,1306.225039
272.337467,371,1314.260041
257.224948,365,1317.270407
296.378903,379,1320.441289
275.694438,291,1327.471885
242.45265,301,1329.761385
267.408292,348,1332.6725
248.322184,310,1339.689852
259.747229,277,1342.150089
242.142793,322,1344.682673
267.214742,420,1351.932903
237.844478,294,1354.137657
280.300841,325,1356.754506
229.267026,356,1363.601004
237.640561,387,1366.488402
244.576981,355,1369.308393
237.74639,380,1376.31919
218.218507,310,1378.425164
249.426352,345,1380.708841
274.780904,299,1387.224777
291.25255,289,1389.065386
100.01611,1000,1400.518852
260.55947,340,1402.977689
295.019213,261,1404.768371
58.37973,221,1410.779133
309.714946,302,1412.722737
258.53476,300,1414.895603
262.174213,276,1421.712407
265.230376,327,1424.148056
232.299388,301,1426.073188
238.416148,379,1432.94625
243.792937,415,1435.651995
267.455804,297,1437.480798
239.124642,280,1439.545798
298.505911,302,1445.644308
291.878503,275,1447.439025
255.007272,286,1449.377282
221.332555,312,1455.981137
256.168383,327,1458.182743
293.313487,313,1460.222766
299.649336,321,1466.625181
280.956859,303,1468.592749
297.616568,298,1470.527686
275.624082,274,1472.209087
311.426368,299,1479.088056
269.958283,299,1481.097244
299.137489,282,1482.884912
51.596605,245,1488.701298
272.888415,266,1490.559894
284.690477,307,1492.734693
259.626166,328,1494.965976
292.798505,344,1501.602823
247.644879,295,1503.440323
288.762765,330,1505.591805
280.655197,306,1511.666005
255.767045,264,1513.402395
16.27721,251,1515.066646
265.301669,300,1517.061097
273.153859,277,1523.279366
289.322749,330,1525.349604
252.388907,283,1527.583577
218.71374,335,1534.318456
269.469335,303,1536.66621
272.769569,318,1538.904544
273.408159,303,1545.058921
295.855766,260,1546.596561
35.525231,166,1547.598094
225.742151,263,1549.180506
280.953739,278,1550.938881
294.539554,320,1557.220478
257.035558,298,1559.028104
247.094695,265,1560.613699
285.007487,268,1566.407017
278.651965,308,1568.481858
263.827006,301,1570.730287
295.920289,314,1577.364561
283.150985,244,1578.884841
256.48076,304,1580.759114
294.065785,249,1582.328535
297.302147,325,1588.603405
78.62102,186,1589.668083
301.574468,267,1591.285421
264.875764,302,1593.081163
265.810401,253,1599.297989
263.597127,318,1601.41115
296.167951,310,1603.624673
268.102764,310,1609.893114
271.163717,277,1611.651138
251.381034,292,1613.724795
252.817187,253,1615.345191
254.768154,292,1621.454849
266.172763,319,1623.508889
301.890787,298,1625.398066
305.051368,261,1626.910963
40.213909,214,1632.486354
273.501831,303,1634.477282
259.006075,285,1636.186909
312.534612,264,1637.792803
271.734484,257,1643.364853
286.994459,257,1644.951772
272.429081,262,1646.63815
249.019922,278,1652.554422
232.982931,298,1654.337044
35.801104,223,1655.780967
288.12653,293,1657.498405
300.953188,269,1663.453144
301.920606,249,1664.962575
261.975692,308,1666.969877
277.121326,244,1668.327594
268.560323,265,1674.58265
285.303415,313,1676.415008
275.138771,276,1678.092271
262.210236,288,1679.725909
275.631009,256,1685.429256
283.430076,248,1686.910044
267.270745,284,1688.514148
269.081108,260,1690.050489
283.887706,264,1695.848781
288.303239,265,1697.552559
270.10074,282,1699.303411
16.462946,206,1700.529978
294.452204,268,1706.216296
263.751336,232,1707.622093
278.179359,479,1710.729869
258.465338,274,1716.614881
266.909857,261,1718.172622
308.228429,224,1719.339253
279.885008,266,1720.880533
280.657526,306,1727.274047
265.932999,238,1728.917072
304.746977,255,1730.646367
296.495855,300,1736.539376
258.068706,262,1738.097391
283.95764,265,1739.69111
56.308704,234,1740.883116
260.674033,265,1746.57166
282.973475,244,1747.965353
268.68592,267,1749.569591
304.299667,272,1751.201733
302.400111,305,1757.271347
286.575001,251,1758.645278
273.772522,247,1760.014752
299.348934,242,1761.350658
317.169563,280,1767.149975
241.144009,262,1768.620564
282.662606,245,1769.96513
241.880492,238,1771.266403
305.626681,265,1777.187422
267.919513,332,1779.186251
66.275618,170,1780.109772
292.453984,268,1781.694187
294.981084,266,1787.507411
313.087762,244,1788.925085
269.407235,277,1790.495167
310.850631,246,1791.882462
267.522791,278,1797.770131
309.684579,250,1799.214715
45.292819,143,1800.013324
282.169721,242,1801.380888
286.034774,262,1802.884697
69.841815,199,1808.124081
65.595789,196,1809.176024
279.187778,241,1810.754295
280.668264,279,1812.325078
276.77269,257,1818.069774
279.03936,247,1819.457033
302.731913,243,1820.850392
259.767901,263,1822.278914
273.203452,254,1828.025197
34.330611,213,1829.173293
271.456481,377,1831.368344
270.592861,308,1833.071454
275.098316,281,1839.170402
277.123083,227,1840.550101
285.67212,233,1842.05987
311.794969,238,1843.487288
315.963117,273,1849.355464
255.712158,278,1850.928327
270.561765,242,1852.22095
299.789821,246,1853.661925
257.623443,248,1859.790705
270.10807,255,1861.214138
310.623736,228,1862.407596
295.770027,275,1864.076328
285.677242,243,1869.594626
269.083555,225,1870.923501
278.732601,261,1872.589741
306.185804,213,1873.888759
234.232019,242,1879.464954
248.521048,248,1880.816738
313.021135,230,1881.997254
285.147224,235,1883.441231
254.938008,230,1888.898267
280.604762,261,1890.434956
267.78618,227,1891.764441
281.670229,263,1893.318079
261.318166,262,1899.396695
253.286052,237,1900.697591
295.830046,237,1902.028732
300.3867,240,1903.425409
34.614367,211,1904.641857
248.034273,256,1910.174014
315.707006,270,1911.668961
282.074294,253,1913.099417
313.214537,258,1914.61025
291.231661,273,1920.392602
303.783022,255,1921.922648
307.688907,244,1923.430325
242.347943,255,1924.905167
306.850998,229,1930.577355
282.908054,291,1932.468375
293.360212,288,1934.329724
293.633541,285,1936.045735
288.948097,246,1941.634264
161.828512,1000,1951.836409
254.919951,252,1953.262403
258.578595,254,1954.855663
273.419815,308,1961.0759
283.103779,262,1962.694843
280.671101,340,1964.750684
323.825782,278,1966.291432
282.030722,247,1971.699841
304.851393,255,1973.009138
255.949417,242,1974.30777
235.521127,245,1975.760778
318.390415,234,1981.552479
257.304318,247,1982.927823
273.665596,275,1984.524078
273.953176,258,1985.941052
257.31995,255,1991.601766
310.386233,227,1992.768617
268.191024,255,1994.087387
274.272973,220,1995.437133
249.102367,251,1996.766318
303.251292,277,2002.560896
46.973661,171,2003.544734
297.660746,267,2005.047463
282.403344,244,2006.398398
258.425587,264,2012.106389
261.441097,268,2013.546637
298.756461,244,2014.951665
273.062367,234,2016.372428
235.841431,245,2021.857677
304.418638,265,2023.261326
266.300009,291,2025.064567
291.008703,285,2026.603712
251.732442,242,2032.511241
276.242326,230,2033.888923
287.110305,219,2035.15882
227.641248,259,2036.54686
306.870175,224,2042.13391
293.648384,229,2043.377852
246.241522,213,2044.670074
60.63736,217,2045.840795
283.860254,274,2051.766601
258.85606,247,2053.285887
288.485587,248,2054.924948
280.840643,260,2056.483258
261.919417,239,2062.338761
275.658103,296,2064.235635
252.889438,251,2065.863066
253.346656,243,2067.411006
306.303149,285,2073.341035
299.527042,200,2074.329873
293.510326,233,2075.725417
299.047968,259,2077.257695
53.576751,165,2078.368131
307.434058,272,2084.084253
315.711387,251,2085.430484
299.029775,220,2086.600399
292.356222,241,2087.905987
284.481867,234,2093.461883
258.072574,229,2094.648712
295.630486,247,2095.922383
237.549801,241,2097.214571
247.496929,221,2098.409624
296.652663,220,2103.985841
287.995455,271,2105.343204
243.409069,219,2106.425863
289.340172,204,2107.415223
313.500456,224,2112.977582
309.032074,223,2114.138662
305.074873,241,2115.46043
288.738488,238,2116.741612
240.162402,214,2122.02587
240.953861,217,2123.184505
19.438565,177,2124.1751
276.480813,238,2125.470434
255.868391,230,2126.591748
258.003918,226,2132.080311
272.201429,219,2133.224896
281.416791,226,2134.48307
293.744674,235,2135.757177
263.561102,233,2137.132071
271.602412,257,2142.556723
242.867004,248,2143.899376
290.82684,251,2145.152563
254.928578,236,2146.333718
287.356225,262,2152.096936
270.159749,229,2153.317634
317.868394,211,2154.487075
276.190599,252,2155.767804
231.575385,219,2161.172234
260.923625,257,2162.497766
303.76551,207,2163.516745
303.712223,245,2164.91607
257.189739,225,2166.131932
262.168355,211,2171.35601
274.213661,278,2172.764884
292.923892,227,2174.172802
280.73371,223,2175.313637
304.808291,199,2180.739969
257.816027,237,2182.018069
263.856887,227,2183.188978
261.718991,217,2184.342499
267.516044,200,2185.471734
232.67045,220,2190.903636
259.174206,213,2192.001983
292.817594,225,2193.268698
292.586437,263,2194.627368
239.231588,239,2200.271685
271.188559,246,2201.717665
271.322804,228,2202.868732
308.982169,212,2203.916739
294.585151,245,2205.131423
302.46729,249,2210.94365
267.828233,222,2212.360548
295.747461,203,2213.601625
307.537059,250,2215.301988
279.774525,221,2220.744367
288.625434,225,2222.106484
304.020658,240,2223.37763
285.606326,220,2224.598942
284.337786,231,2230.25893
269.684901,237,2231.77712
295.657043,221,2232.838578
278.201409,207,2233.948006
276.405346,207,2235.003486
277.48582,266,2240.6179
263.884705,238,2241.783795
278.621149,202,2242.809803
303.412763,226,2244.09546
268.635369,258,2249.778401
278.582592,208,2250.974511
263.114061,237,2252.471589
271.955229,228,2253.698975
284.306696,209,2254.827428
254.910976,225,2260.89463
282.057616,231,2262.147945
300.928017,261,2263.495681
310.186706,233,2264.82668
285.983215,203,2270.092665
301.878516,276,2271.568035
295.321051,214,2272.615009
282.742179,224,2273.7375
287.09269,246,2275.092607
274.672853,202,2280.437975
260.659998,386,2282.564032
295.863605,204,2283.591744
275.491751,210,2284.772501
281.273533,213,2290.205347
299.41485,207,2291.250291
288.871317,200,2292.268204
278.805244,236,2293.51113
313.483093,302,2299.499912
258.575944,232,2300.777247
270.839924,240,2301.924321
300.16932,230,2303.08879
297.033876,265,2308.862934
286.812648,220,2310.03307
302.193213,205,2311.281756
282.676015,261,2312.88842
307.307181,202,2314.224571
279.845827,277,2320.646324
252.498537,208,2321.726253
245.296251,224,2322.854371
293.65874,227,2324.037625
318.194371,273,2329.583191
295.662816,220,2330.656115
281.790179,201,2331.639594
285.562972,233,2332.816831
175.303644,1000,2342.726779
281.499727,197,2343.830261
301.293472,197,2349.080103
300.632406,233,2350.23175
324.115412,209,2351.348317
288.790308,280,2352.796409
259.394755,263,2358.559822
306.048938,262,2359.931401
254.214805,198,2361.051969
273.834552,201,2362.113075
275.31002,214,2363.300942
272.84199,206,2368.723746
257.782889,200,2369.8045
279.550926,191,2370.757966
290.471179,217,2372.101108
240.888765,214,2373.430008
278.372429,222,2379.215728
250.863898,232,2380.531346
263.713619,209,2381.740785
312.753862,181,2382.795907
270.183784,197,2383.926278
283.80539,204,2389.440021
272.67369,205,2390.546562
292.598288,209,2391.603622
248.841618,216,2392.820837
177.269612,1000,2402.632049
267.121853,213,2403.786013
290.525589,240,2409.493789
259.172039,230,2410.669684
286.283318,239,2412.062491
254.748535,242,2413.633127
319.209912,229,2419.194374
309.53813,197,2420.532494
260.675451,223,2421.592047
304.624795,213,2422.906385
288.593244,204,2423.919601
284.483101,221,2429.38977
283.45547,227,2430.452215
274.376257,200,2431.464776
255.177302,211,2432.536192
253.778801,257,2433.962502
274.898768,242,2439.624186
283.232554,210,2440.673652
244.828066,208,2441.874282
268.409906,222,2442.989847
311.964784,197,2448.334036
289.845959,203,2449.486212
292.393645,218,2450.599575
307.249786,212,2451.713024
267.731757,219,2452.814058
265.645292,210,2457.962999
242.698945,212,2458.949465
233.892869,217,2460.057284
298.113072,232,2461.269518
302.229404,216,2462.332222
284.801721,211,2467.663973
302.153467,240,2468.786489
256.365069,224,2469.889691
301.996669,252,2471.089666
278.61697,243,2476.450325
239.890406,232,2477.660563
294.605729,253,2479.14379
292.102432,224,2480.442027
244.021921,227,2481.675476
244.383143,201,2486.955161
248.300864,217,2488.031857
277.034357,229,2489.344428
252.219967,216,2490.384732
304.699258,201,2491.620028
295.008071,232,2497.48986
287.570911,633,2501.287791
279.254743,207,2506.47531
300.843743,255,2507.730566
283.055903,224,2508.804627
249.520292,247,2510.11763
275.657361,244,2511.644655
281.153008,223,2517.198658
-33.129639,1000,2529.333774
267.241202,255,2530.841817
282.842999,212,2531.986189
297.539501,247,2533.360036
59.526578,173,2538.486202
272.056802,233,2539.77048
271.4932,191,2540.867426
271.702072,233,2542.080093
301.475557,199,2543.010539
241.663703,225,2548.388694
260.570846,208,2549.483503
275.606867,240,2550.667573
270.740724,239,2551.826044
309.989821,272,2558.16036
238.671959,228,2559.273808
303.542417,192,2560.156226
277.862814,202,2561.135284
259.158112,225,2562.330267
303.64921,237,2567.767242
286.435403,218,2568.848374
244.090255,252,2570.075155
298.392746,275,2571.677575
254.809252,229,2577.70226
301.995668,202,2579.197445
294.459226,446,2581.515428
265.248103,206,2582.65962
254.215805,214,2588.106717
260.488054,199,2589.129479
265.19901,243,2590.340605
287.937606,241,2591.492302
306.556138,231,2592.750049
247.34644,224,2598.147495
259.105155,225,2599.256653
285.854627,239,2600.496063
295.045413,204,2601.47453
262.578906,238,2607.004606
273.465273,237,2608.262395
271.413674,211,2609.337655
278.810049,278,2610.832496
297.728568,236,2616.897377
294.773634,236,2618.130112
310.533098,227,2619.296315
303.497247,195,2620.380548
285.669392,233,2621.565627
270.181487,229,2627.043929
279.740903,220,2628.205314
286.868396,212,2629.272355
266.499474,233,2630.385864
273.540412,236,2631.541172
268.65017,244,2636.960465
300.565404,247,2638.133128
283.733134,263,2639.512482
268.401226,205,2640.488898
271.064552,222,2645.937106
271.951191,235,2647.089477
317.757398,225,2648.203168
280.551496,193,2649.197377
277.092864,244,2654.738152
293.142582,232,2655.926951
270.534137,233,2657.172704
271.280174,237,2658.314863
298.937005,200,2659.272032
280.01245,237,2664.912221
293.589783,224,2666.030044
253.157686,228,2667.104943
300.870659,231,2668.263894
277.992582,206,2673.502958
269.920195,228,2674.672265
257.225538,239,2676.051162
250.131191,206,2677.187173
309.482043,272,2678.831431
294.531718,216,2684.620517
272.622923,202,2685.604618
306.830071,203,2686.681226
312.282326,254,2687.848862
295.119279,236,2693.310144
279.862717,275,2694.670802
254.895553,225,2695.80131
313.22243,206,2696.814122
278.558782,224,2698.040667
302.389085,251,2703.592979
264.401774,215,2704.64987
262.828503,216,2705.899999
25.133065,146,2706.680927
297.569394,204,2707.761362
260.888798,199,2713.279122
251.816606,212,2714.5599
282.228674,212,2715.893929
288.506167,192,2717.021803
272.897958,211,2718.224988
247.714712,220,2723.747231
283.042417,219,2724.979152
277.01891,218,2726.120353
277.921447,216,2727.222306
283.822913,211,2728.344548
236.16536,238,2734.017402
294.353287,241,2735.368584
237.668162,206,2736.500266
285.964356,243,2737.948078
267.9485,247,2743.456228
302.421472,283,2744.723365
264.813735,206,2745.686496
287.703967,220,2746.739348
256.984845,241,2752.351234
249.137684,220,2753.558276
294.698321,199,2754.652094
296.293629,215,2755.694432
290.831306,208,2756.850199
272.750426,202,2761.939247
308.649977,219,2763.149331
300.390095,214,2764.39222
294.32195,228,2765.781396
295.090291,251,2767.185538
295.834803,219,2772.560854
234.100053,245,2774.055317
297.100209,236,2775.247076
245.45398,226,2776.368666
276.966015,215,2781.636748
288.46452,217,2782.731203
304.390996,204,2783.760189
275.894608,249,2785.01472
275.364555,206,2786.167942
278.935179,238,2791.640278
308.141089,199,2792.818872
292.951831,183,2793.711668
305.472883,221,2794.931279
299.821187,254,2800.521836
311.80386,215,2801.886377
278.533007,221,2803.050587
279.468376,264,2804.610003
279.477548,260,2806.226881
266.977966,204,2811.776369
270.168782,234,2813.22802
274.506399,244,2814.679643
283.477246,202,2815.656278
267.23585,198,2820.894691
304.575959,417,2823.202043
261.737194,278,2824.762786
263.245225,241,2826.211721
311.361321,206,2831.580423
258.366049,228,2833.021083
260.492962,218,2834.165913
250.039201,227,2835.27893
285.965076,206,2836.558656
260.316125,215,2841.911218
262.891926,216,2843.214117
257.225851,222,2844.406148
296.095269,205,2845.39829
309.061365,266,2850.969777
306.42651,230,2852.238249
281.201136,209,2853.502143
314.321185,288,2854.990016
286.799336,233,2860.465644
288.70244,197,2861.535673
264.97823,242,2862.806952
278.146271,193,2863.771568
299.033542,236,2864.935999
297.184343,226,2870.470561
235.799378,215,2871.488987
259.696318,217,2872.680256
277.523802,218,2873.935963
300.882907,260,2875.260701
287.681487,210,2880.431703
247.905507,220,2881.421991
251.937013,208,2882.584735
265.852624,209,2883.551078
284.449686,220,2889.158041
311.136623,197,2890.402464
41.115127,132,2891.195697
280.191836,218,2892.416518
298.985896,219,2893.440177
307.681562,201,2894.374662
283.701724,239,2899.726128
317.199627,197,2900.698637
-11.160771,111,2901.207579
298.626566,221,2902.221632
300.870834,247,2903.388505
281.207485,204,2908.385981
294.774162,197,2909.339866
294.673166,228,2910.61453
252.597049,223,2912.003577
243.32426,207,2913.206112
303.943154,190,2918.919747
290.624635,189,2919.937851
284.596048,247,2921.162832
275.140819,267,2922.421227
240.66674,206,2928.081684
307.935028,216,2929.11658
269.63964,194,2930.18018
278.610781,219,2931.286725
287.331075,217,2932.411474
294.106467,202,2937.965094
263.339766,240,2939.259093
297.677385,226,2940.498487
251.62136,220,2941.592817
304.376797,240,2942.724468
298.223504,239,2948.279907
261.554823,224,2949.425581
260.474892,208,2950.409281
308.695717,199,2951.340548
270.544814,223,2957.209428
269.467731,208,2958.186745
302.794837,227,2959.243351
245.153663,210,2960.202204
258.001906,217,2961.264143
283.685313,258,2966.994301
291.516574,207,2968.077546
316.76312,243,2969.562839
280.372937,212,2970.824642
262.88117,215,2976.94526
315.268777,192,2977.999562
303.98351,194,2979.067612
258.980824,235,2980.336568
276.94501,242,2981.777951
263.559285,212,2987.604206
287.115709,230,2988.770956
304.039477,229,2990.011801
261.11527,210,2991.07895
266.336279,220,2992.244745
268.527678,219,2998.046928
314.962854,218,2999.202258
286.015351,213,3000.460447
292.665493,224,3001.672682
313.03708,233,3007.40161
247.33799,230,3008.578482
267.034964,238,3009.708534
263.914256,215,3010.961821
280.959516,232,3012.231761
299.548781,197,3017.858014
254.828224,224,3019.118925
293.485237,237,3020.339204
319.5684,221,3021.422042
275.191895,212,3022.478952
284.788839,244,3028.096056
282.925856,196,3029.067509
255.170066,218,3030.189534
263.000864,230,3031.387597
246.292461,224,3037.080482
275.911942,214,3038.078997
264.923124,232,3039.142402
294.559989,223,3040.15465
260.378863,205,3041.21319
252.705631,242,3047.28774
289.687653,203,3048.336456
303.601787,255,3049.66082
292.272739,236,3050.918373
258.381748,223,3056.73157
280.374173,207,3057.900342
256.244836,221,3058.94846
305.163024,214,3060.062283
311.963147,231,3061.188808
301.934184,210,3066.516985
307.781462,239,3067.643035
266.54339,193,3068.540231
281.918879,240,3069.599284
273.289125,199,3070.479968
281.305877,196,3076.164297
278.320572,208,3077.344441
300.123124,205,3078.441946
309.294602,237,3079.596347
299.680003,244,3085.241614
283.59114,205,3086.317948
296.156172,217,3087.559966
296.687693,232,3088.624177
299.001347,218,3089.588187
276.56883,225,3095.08394
313.557578,210,3096.015812
300.345432,198,3096.940857
241.4193,219,3097.92663
272.881627,221,3098.980678
253.693808,214,3104.534629
309.03408,223,3105.64804
313.926568,274,3106.858675
284.408945,237,3107.990422
277.297433,213,3113.665026
308.620466,240,3114.904119
249.770687,205,3115.896008
299.475943,214,3117.004966
296.288501,205,3118.01104
288.591468,196,3123.656826
303.920729,232,3124.882286
302.703478,200,3125.755102
269.854102,216,3126.826762
305.791769,198,3127.728096
310.727036,251,3133.580348
244.745223,201,3134.496774
285.999824,199,3135.405747
308.546045,212,3136.427785
257.019386,220,3137.479206
304.659038,194,3143.327406
296.821384,205,3144.420348
276.12737,222,3145.434121
271.061918,211,3146.565457
308.886579,245,3152.134082
294.556431,194,3153.045747
257.528126,221,3154.256354
287.892835,211,3155.662762
274.605165,201,3157.036419
235.2515,204,3162.597293
246.307356,203,3163.666128
236.212912,208,3164.759628
275.613264,198,3165.904884
250.533447,222,3167.006364
306.164184,202,3172.576029
279.760554,243,3173.821616
252.312122,203,3174.821748
265.643534,213,3175.868384
318.265941,257,3177.262686
282.494948,209,3182.790027
252.744977,188,3183.847111
301.618368,210,3184.924995
279.935932,203,3186.168397
317.162209,237,3187.707289
309.615227,222,3193.555186
283.176709,203,3194.700584
298.122745,226,3195.862372
308.514387,198,3197.003088
287.865548,217,3198.137195
279.179897,236,3203.775936
278.205388,218,3204.958652
304.37685,213,3206.048077
302.144603,240,3207.113109
277.672148,216,3212.849739
267.70503,195,3213.753474
248.530522,206,3214.76197
262.902726,193,3215.780292
287.743522,207,3216.677691
276.467533,210,3222.243661
287.597857,206,3223.199547
288.274251,204,3224.170622
259.100549,195,3225.158355
274.247602,227,3226.194014
270.255784,194,3231.343126
314.198866,188,3232.195309
266.656343,238,3233.299039
311.138506,241,3234.459492
314.441137,237,3235.497679
250.897339,211,3240.833921
301.13071,208,3241.73918
278.967626,203,3242.83778
240.863595,199,3243.918969
275.175108,224,3245.149848
279.350481,198,3250.610509
250.833933,210,3251.730975
285.945021,203,3252.886767
306.639069,231,3254.041018
276.497921,190,3254.886512
255.907945,221,3260.773391
239.028946,233,3261.788864
311.181366,190,3262.653945
257.975747,203,3263.641854
298.699253,208,3269.305572
286.643767,199,3270.72116
263.226733,192,3271.996512
272.594297,211,3273.441628
303.16414,214,3274.497855
281.387828,215,3279.896395
263.224837,214,3280.941396
250.514749,224,3282.103299
289.913926,210,3283.210577
298.332176,205,3284.388328
318.09907,209,3290.208542
63.481718,176,3290.963287
294.259907,217,3291.934768
313.415787,202,3292.800022
305.603175,208,3293.747413
267.944133,213,3299.145584
279.944034,201,3300.161282
281.033789,193,3301.313925
310.736144,245,3302.579838
265.799524,215,3303.721382
261.182588,206,3309.268357
266.606258,201,3310.233554
243.13981,200,3311.440238
297.258249,211,3312.539612
296.99307,235,3313.759058
273.303815,226,3319.626178
308.287815,219,3320.993398
317.029914,226,3322.209088
283.277448,190,3323.183295
298.856684,192,3324.176827
304.819982,216,3329.79507
273.613011,195,3330.781289
310.647428,246,3331.953472
299.262421,210,3333.03689
308.119558,199,3334.069454
282.605103,210,3339.787831
268.056533,195,3340.692338
286.556971,198,3341.550417
285.030142,219,3342.511283
248.017057,209,3343.44893
266.405719,225,3348.989459
263.492457,197,3349.940075
291.340418,222,3350.934737
272.013771,210,3352.012161
254.220524,191,3357.671408
293.228635,223,3358.922603
308.282834,222,3360.20445
189.969142,1000,3369.39249
277.719483,214,3370.366868
295.320402,206,3371.514758
279.375153,225,3377.122437
297.832129,212,3378.278811
284.214034,212,3379.285564
294.839032,219,3380.252915
301.094121,188,3381.087725
309.295867,223,3386.869193
237.020487,198,3387.915567
289.217232,222,3388.897435
242.632494,209,3390.008049
266.999121,203,3391.076857
292.847972,211,3396.544673
311.924503,196,3397.491824
277.555424,220,3398.722976
291.665359,239,3399.862133
285.027179,205,3400.862164
266.046945,195,3406.198658
290.138339,218,3407.200109
268.709566,201,3408.148337
256.738008,223,3409.171769
277.931572,192,3410.047088
267.878551,205,3415.675748
318.830788,223,3416.760103
267.631969,202,3417.68616
249.268201,200,3418.636414
287.393847,236,3419.805326
301.586783,193,3425.508639
314.370518,243,3426.934229
307.411286,321,3428.367736
270.232317,203,3429.250714
287.206799,196,3434.747931
241.193037,208,3435.678173
290.170462,214,3436.654995
280.935783,224,3437.617622
290.647944,195,3438.432731
266.555358,200,3443.612015
286.387294,211,3444.830953
310.442556,204,3445.811305
286.883028,197,3446.837887
277.100979,235,3447.9132
308.367967,192,3453.378616
296.169761,301,3454.717309
256.722207,206,3455.673645
241.527087,217,3456.879454
302.427289,221,3462.679857
289.052972,222,3463.88635
287.58611,215,3464.979726
289.653096,214,3465.923468
263.813922,212,3466.866832
291.938671,239,3472.359945
310.911091,202,3473.427111
297.910024,208,3474.310544
267.99828,221,3475.26101
302.54654,215,3476.281772
278.68784,234,3482.233928
309.7365,194,3483.238643
322.761445,228,3484.39037
270.285309,190,3485.335515
253.985867,202,3486.572786
321.042128,216,3492.222292
290.295992,203,3493.224029
293.575637,205,3494.103147
299.05583,192,3494.920686
309.694515,212,3495.86675
288.38418,223,3501.387242
269.902883,186,3502.172065
286.850938,216,3503.069829
302.480272,223,3504.238788
319.277101,200,3509.978778
267.368971,209,3511.277858
284.376007,191,3512.251961
304.358379,227,3513.550774
300.022158,227,3514.744928
276.209609,230,3520.291942
287.350037,202,3521.154696
262.499792,201,3522.26043
288.861978,244,3523.345593
292.174388,202,3524.297523
310.503856,239,3529.925949
286.03727,191,3530.911226
299.367446,182,3531.777214
323.605408,218,3532.765306
277.157831,202,3533.822898
281.676548,190,3539.264856
297.8158,199,3540.109827
271.628115,204,3540.963527
288.092015,222,3541.846298
296.935637,194,3542.727434
247.292603,206,3547.902929
282.830573,208,3548.775644
270.057486,224,3549.737151
291.447208,232,3550.69282
321.679179,212,3551.704779
291.084671,218,3557.251783
278.377882,222,3558.571618
288.185025,224,3559.952731
286.78332,205,3560.959848
303.885319,205,3566.561627
251.243128,210,3567.577384
299.781415,206,3568.570053
300.923366,213,3569.533399
287.532838,196,3570.461049
305.272069,238,3576.282202
282.755672,213,3577.329387
324.240531,212,3578.45521
313.048599,192,3579.415148
274.262354,187,3580.241572
86.774084,169,3580.943049
286.78608,243,3586.437742
316.217706,211,3587.345212
291.940943,189,3588.139084
277.549421,209,3589.241855
299.456939,207,3594.577823
308.929072,194,3595.378832
293.772853,238,3596.441158
251.970545,207,3597.413597
49.093558,164,3598.190966
312.533366,240,3603.939761
248.99814,194,3605.096504
282.550739,192,3605.928081
304.860422,228,3607.005365
187.396181,1000,3616.461286
286.553922,193,3617.287024
280.575835,200,3622.458899
289.422256,193,3623.411955
283.740419,245,3624.677131
242.114778,217,3625.846332
290.415281,181,3626.811029
253.331384,215,3632.473073
262.987593,185,3633.29745
276.093368,203,3634.48623
269.125107,194,3635.472191
297.008247,213,3636.479369
305.592107,219,3642.092971
305.431692,216,3643.310503
250.975727,205,3644.57126
262.75468,204,3645.720786
306.94372,224,3646.797799
285.007041,203,3652.421779
238.418864,190,3653.568843
315.424942,245,3654.798376
273.917344,208,3655.72693
283.130818,201,3656.624112
314.421205,227,3662.134197
291.640903,214,3663.128535
297.224141,190,3664.014087
295.068225,198,3664.927834
274.353967,210,3665.978688
292.771487,236,3671.592973
286.480855,244,3672.932956
275.641096,196,3674.138006
305.556877,204,3675.231964
316.059243,215,3676.411784
278.834927,197,3681.768129
300.894619,175,3682.696373
288.838801,252,3683.943223
243.250441,209,3685.029306
309.696989,231,3686.156604
287.482031,230,3691.484513
293.536282,208,3692.554888
279.048428,234,3693.614252
286.431125,231,3694.577296
292.106129,186,3699.816022
308.713381,235,3700.913624
286.92637,200,3701.934151
251.421631,207,3702.801846
313.445625,223,3703.749736
269.131371,212,3709.052666
258.842443,215,3710.029593
318.379623,185,3710.873979
290.724908,198,3711.766823
303.950227,220,3712.816871
251.98403,190,3718.154697
297.624981,221,3719.256158
291.622058,190,3720.369856
259.429203,207,3721.416158
268.534091,212,3722.375377
298.530185,206,3727.734829
270.658901,204,3728.627314
315.302649,200,3729.530281
280.470628,211,3730.438305
268.75757,192,3731.239949
301.640371,202,3736.415874
318.670031,186,3737.290596
295.686266,242,3738.56505
252.032854,195,3739.557882
290.452818,194,3740.459939
262.635498,228,3745.974335
260.543052,196,3747.123914
296.803104,190,3748.18263
302.033099,198,3749.381277
292.991123,190,3750.485002
321.637779,214,3755.964704
285.741652,203,3757.101669
252.103335,219,3758.11689
241.138854,188,3758.946838
284.990012,188,3759.740336
276.035044,205,3765.070693
302.539428,218,3766.121121
245.67141,192,3767.101284
287.993901,197,3768.196282
291.812244,219,3769.119974
272.594563,198,3774.595923
276.771922,203,3775.567548
265.22554,230,3776.590233
319.20533,259,3777.869555
265.873364,186,3779.027864
314.83893,224,3784.575791
283.200544,215,3785.807792
279.909407,223,3786.788092
241.187465,219,3787.716744
302.17288,176,3788.533644
292.865311,203,3793.86411
304.915123,196,3794.751487
276.333956,209,3795.65757
292.518367,235,3796.696769
250.509436,207,3797.556764
322.802864,222,3803.099349
304.632177,220,3804.047874
297.08583,222,3804.961736
252.188897,211,3805.867899
272.064642,190,3811.136272
246.026724,197,3812.021873
288.111295,181,3812.867718
309.167365,203,3814.066199
301.268835,199,3814.937348
291.801208,203,3815.920114
291.487676,199,3821.056654
308.607368,202,3821.868733
282.815783,228,3822.846972
298.919166,203,3823.728649
270.37263,213,3824.693783
276.012008,215,3830.513153
283.204517,214,3831.528121
314.325727,184,3832.40521
274.655207,179,3833.130194
266.934299,223,3834.219769
274.300058,209,3839.722366
288.09965,214,3840.621001
290.15903,213,3841.537457
282.423518,210,3842.427011
278.541358,233,3847.892157
298.478436,188,3848.797141
266.745022,211,3849.794521
258.782363,208,3850.80982
299.86589,197,3851.71318
278.488866,206,3856.990099
283.174218,234,3858.195804
299.500358,215,3859.195844
304.411198,188,3860.103344
288.407197,226,3861.41014
279.092244,192,3866.847042
322.570179,231,3867.924493
286.05706,244,3869.063127
266.951396,232,3870.186582
319.03772,206,3871.437468
284.980591,184,3876.810318
291.543004,201,3878.019294
293.653864,199,3878.946988
298.413591,197,3879.877762
288.447943,216,3881.004443
298.836287,192,3886.273921
285.766958,211,3887.274667
283.511309,190,3888.064873
278.501293,216,3889.091125
69.055822,160,3889.798289
278.436482,202,3895.323109
278.139324,192,3896.272205
281.508233,207,3897.169137
279.797179,188,3897.952092
315.616392,212,3898.983619
274.315024,210,3904.619809
302.754517,211,3905.528517
310.853423,220,3906.431241
314.780961,222,3907.549749
319.223618,202,3908.582252
301.921369,226,3914.899055
261.033622,215,3915.99862
303.350836,198,3917.022264
250.483844,209,3918.160395
288.832787,200,3919.186002
292.472494,199,3924.536464
288.905407,198,3925.342427
296.274942,224,3926.308188
286.034952,206,3927.153585
306.858749,207,3928.069966
242.787105,187,3933.541284
284.760623,174,3934.250686
278.622085,184,3935.058197
296.504768,213,3935.933336
242.819033,204,3936.849636
288.972607,221,3942.731238
299.30101,217,3943.63266
245.306674,205,3944.499521
285.111279,228,3945.449798
266.554194,188,3946.4081
309.422785,220,3951.904292
295.91399,221,3952.813156
307.56896,203,3953.655522
259.598665,199,3954.527475
272.921007,201,3955.524678
277.05011,208,3961.156055
313.493006,218,3962.280377
286.675205,190,3963.126527
245.961435,190,3964.031385
300.046913,219,3965.13867
290.381079,197,3970.778595
284.333506,186,3971.715219
300.730575,228,3972.853946
283.848712,209,3973.85935
271.992319,207,3974.956746
258.264187,217,3980.626766
307.321261,197,3981.660347
269.041376,188,3982.538661
274.396229,227,3983.794982
273.651107,185,3984.656049
296.287321,200,3990.513432
282.158142,222,3991.477748
273.709515,211,3992.336167
280.69734,199,3993.248484
315.504265,210,3994.106716
294.240615,202,3999.616461
275.524749,195,4000.402354
313.598473,203,4001.242248
275.257992,176,4002.067616
269.292538,196,4002.899688
301.826908,218,4008.436113
255.065256,199,4009.286384
300.395353,206,4010.210371
281.385774,202,4011.349544
300.195245,210,4012.392061
298.570224,213,4017.837646
61.734423,154,4018.5185
278.547533,211,4019.478215
274.612998,212,4020.449634
261.932153,205,4021.378948
280.221548,182,4026.641879
244.428895,192,4027.549247
299.593302,190,4028.450439
278.498982,244,4029.568868
303.432602,180,4030.41922
308.421604,224,4035.841897
279.872549,208,4036.688623
314.158596,215,4037.587627
276.890913,195,4038.500005
310.282642,201,4039.521575
312.480112,218,4045.607381
265.6541,184,4046.562676
269.29068,190,4047.458597
295.998441,219,4048.453951
276.262336,205,4049.264896
269.535919,192,4054.359289
259.155976,207,4055.212369
311.965844,206,4056.053328
293.812279,259,4057.358177
310.46132,215,4058.249899
311.772808,216,4063.745391
295.812348,183,4064.603663
309.834935,212,4065.503121
302.55642,208,4066.3407
293.007083,191,4067.313275
300.488756,220,4072.771497
308.501575,217,4073.849557
272.995521,180,4074.891998
282.096439,187,4076.00448
105.346277,168,4076.990383
306.54196,192,4082.083432
263.94963,200,4082.975054
285.676173,198,4084.003474
296.155798,224,4085.23585
277.958876,185,4085.99722
313.717905,217,4091.354378
311.250326,221,4092.297129
238.754559,200,4093.103242
290.292876,200,4093.911923
280.006611,185,4094.767142
309.790892,193,4095.732748
157.537318,1000,4104.90742
306.206516,202,4110.048988
284.899246,209,4110.954092
283.809327,203,4111.817013
298.67256,232,4113.015121
290.109753,227,4118.432049
310.238555,192,4119.558296
301.069876,183,4120.427467
319.487363,205,4121.389302
303.939165,204,4122.351576
261.821608,202,4123.302152
252.54535,214,4128.527382
280.604678,222,4129.559696
252.527444,196,4130.359932
284.017052,207,4131.296453
295.102215,231,4136.625115
278.641226,185,4137.638376
282.895034,185,4138.883274
247.97115,196,4140.227739
309.901056,202,4141.040852
260.588263,193,4141.785232
291.697455,184,4147.029295
292.669025,459,4149.232355
292.245505,226,4150.365362
252.76739,195,4151.169604
284.016304,197,4156.504608
282.878503,223,4157.627343
267.262255,185,4158.592814
275.538583,208,4159.617672
304.472259,200,4160.519268
323.689805,189,4165.457999
300.54531,192,4166.451239
313.786253,190,4167.391354
292.679153,192,4168.274512
273.627259,185,4169.185831
305.526237,224,4174.234762
274.912474,191,4175.454317
288.448675,228,4176.511583
304.468238,232,4177.557916
259.635389,195,4178.513802
308.710051,216,4183.900998
243.669322,184,4185.040111
262.779977,207,4186.339753
282.933737,225,4187.772766
295.887928,197,4188.845814
288.612196,197,4194.086579
314.08147,221,4195.073233
301.216026,283,4196.526168
312.288649,215,4197.924511
256.386256,184,4203.330857
323.117532,208,4204.681906
318.88296,204,4205.697466
256.861791,204,4206.576994
294.203562,211,4207.598883
322.627695,188,4212.666918
305.679951,224,4213.89623
307.909112,198,4214.906177
298.791114,186,4215.883254
291.464349,181,4216.719833
281.743052,226,4221.76889
299.511352,182,4222.560927
273.660797,198,4223.407406
265.300998,220,4224.318069
287.183024,180,4225.047314
291.882646,187,4225.832579
257.068095,196,4230.796499
264.196413,190,4231.580191
258.766874,202,4232.411605
271.239898,214,4233.287709
314.011964,217,4234.257053
277.237996,226,4240.858801
259.673789,195,4241.886828
288.698031,199,4242.755771
282.166425,188,4243.655012
316.875715,198,4244.54725
301.530067,213,4249.720156
317.887369,198,4250.531251
289.85007,214,4251.601093
256.062787,192,4252.466109
311.338418,205,4253.572452
294.756902,195,4258.648289
299.57844,201,4259.579455
75.612441,163,4260.346493
252.633263,192,4261.426388
285.614231,201,4262.34856
289.953805,208,4267.521554
270.694785,168,4268.24653
326.780192,228,4269.257172
278.467478,216,4270.27918
298.360348,215,4271.415094
293.702001,212,4276.620095
279.167933,178,4277.507522
283.611351,190,4278.365514
317.99767,193,4279.167501
56.027407,142,4279.763665
281.969782,181,4280.664064
302.285746,239,4286.088191
290.930936,192,4286.983447
288.417003,172,4287.712682
298.122885,178,4288.53917
267.536181,186,4289.495191
301.076131,212,4294.618236
298.614771,221,4296.018096
257.594506,178,4297.058793
291.155001,232,4298.296989
277.204006,181,4299.183613
305.499042,213,4304.132079
53.414517,131,4304.660737
305.61389,213,4305.776246
298.176575,232,4306.906451
317.140178,179,4307.896935
260.609565,185,4313.145275
264.583619,199,4314.086641
289.807636,204,4315.018225
292.203169,198,4315.973504
303.972519,201,4316.885362
289.412921,181,4317.629497
294.7003,203,4323.089062
273.913108,199,4324.167748
279.367248,216,4325.366282
282.497832,214,4326.547264
323.898203,225,4332.006421
286.710263,181,4333.00393
292.941654,192,4334.001885
273.720978,172,4334.826091
311.157435,215,4335.988117
298.478495,191,4336.80405
248.399744,192,4342.039528
182.710129,1000,4351.34611
278.947865,207,4352.469329
74.916274,135,4353.192044
269.020799,184,4354.191864
280.917093,172,4355.410935
274.009971,210,4356.799246
316.387678,179,4362.031279
309.676476,204,4362.844303
262.865216,188,4363.588705
271.089962,189,4364.383739
301.610563,212,4365.523532
286.221182,188,4370.851012
266.931017,187,4371.729185
317.679802,203,4372.704659
279.618331,187,4373.643756
311.32086,208,4374.551365
307.566,217,4379.926589
300.121351,188,4380.79511
285.062218,194,4381.659158
268.638428,210,4382.597117
269.393552,195,4383.60775
313.881352,211,4388.854921
285.355541,175,4389.851829
284.216535,179,4390.898662
263.26005,195,4392.165496
283.686579,192,4393.224447
290.064177,221,4398.341695
277.155853,209,4399.218876
255.652899,205,4400.126684
317.395899,185,4400.935674
258.507114,198,4401.726451
302.464998,315,4407.302985
282.471899,184,4408.031013
304.011942,198,4408.847007
239.622283,182,4409.791934
298.796707,199,4410.81804
293.509269,193,4416.394139
316.347811,186,4417.151602
257.719935,198,4417.990032
311.39082,185,4419.106508
254.219711,210,4420.017755
306.956764,181,4420.814032
313.796521,214,4426.42125
318.238158,184,4427.244036
281.620948,215,4428.291523
299.046301,229,4429.287225
314.996967,212,4434.495007
270.350562,203,4435.368233
301.678053,212,4436.255521
282.266532,188,4437.0474
284.908364,228,4438.039252
279.00017,209,4443.086675
252.46087,191,4444.102443
254.233347,181,4444.869305
298.397452,198,4445.742864
298.487034,193,4446.552112
304.683742,195,4447.491145
290.899239,174,4452.345291
261.805913,173,4453.068066
310.87943,198,4454.066163
324.908855,217,4455.110449
281.460094,194,4456.01166
311.433089,234,4461.310729
312.70013,189,4462.262491
304.067708,237,4463.42317
257.614709,202,4464.260273
270.487705,176,4465.068532
253.312433,180,4469.880245
313.015533,228,4470.859108
285.234859,208,4471.870149
309.571815,204,4472.723391
298.936404,205,4473.595528
310.309169,206,4478.698193
304.119272,178,4479.455983
316.450997,195,4480.31778
308.576134,191,4481.099974
286.377249,195,4482.045085
291.304763,193,4487.032413
262.377851,186,4487.949715
312.399772,227,4489.150924
267.304406,204,4490.069316
252.307518,177,4490.87777
271.148375,201,4495.953017
296.841481,192,4496.802089
289.390831,184,4497.584579
64.128146,134,4498.130605
309.608287,206,4499.099575
296.878398,204,4500.011704
283.458165,204,4505.076594
298.209266,215,4506.047541
279.778334,195,4506.8613
266.722834,167,4507.519899
287.823751,187,4508.291228
288.851152,180,4513.201529
274.102954,205,4514.050625
284.711514,177,4515.016132
90.136847,154,4515.699503
309.471923,202,4516.768806
274.001368,194,4517.888383
248.248945,199,4523.010128
255.928734,204,4523.967462
296.905637,190,4524.859315
267.577684,168,4525.608287
249.447678,198,4526.62986
299.128315,197,4531.608625
304.402815,202,4532.480517
270.007392,187,4533.222616
292.235997,190,4534.015011
262.359739,177,4534.72038
270.290265,172,4535.512441
281.970037,185,4541.262866
298.079338,239,4542.430046
292.511309,212,4543.326105
320.45625,206,4544.149425
279.711057,199,4544.990131
260.614212,194,4550.308054
287.372419,208,4551.444894
287.754382,204,4552.41364
247.921382,174,4553.252205
274.322409,181,4554.136357
252.048715,185,4559.265171
255.250493,182,4560.271127
262.895148,169,4560.975846
268.261331,176,4561.644258
276.905481,174,4562.327284
279.896144,199,4563.125846
294.240117,199,4567.995464
247.296043,190,4568.820741
271.690001,183,4569.638575
306.959173,232,4570.606452
298.656732,222,4571.619564
316.503911,186,4576.709891
260.498392,198,4577.623942
263.864318,180,4578.438467
280.019289,205,4579.4313
258.906696,224,4580.528913
291.807531,210,4585.852781
286.140447,187,4586.620541
254.352628,177,4587.335249
274.216222,189,4588.115356
306.582674,196,4588.930978
306.670448,209,4594.168014
290.49948,163,4594.833918
305.151094,224,4595.791635
264.708054,186,4596.55743
285.601129,171,4597.267423
284.181663,174,4598.013002
262.59531,183,4603.203618
324.747719,197,4604.045393
291.381416,200,4604.90052
302.324224,204,4605.737957
316.840789,187,4606.540805
283.844062,197,4611.817169
296.22585,191,4612.81614
261.019894,196,4613.605004
320.779809,182,4614.371296
302.739853,194,4615.337088
265.075951,178,4620.406378
305.095084,193,4621.257608
308.243548,210,4622.294954
256.618251,172,4623.09587
262.389312,158,4623.750963
310.645816,211,4624.642641
298.95279,200,4629.823939
294.624891,202,4630.971148
290.762538,191,4631.939428
288.072747,195,4632.767475
297.101977,181,4633.636964
283.390859,207,4638.628483
273.748597,181,4639.376312
300.738741,183,4640.101158
285.228389,155,4640.675345
249.107059,193,4641.432858
282.040354,203,4646.617181
173.516026,1000,4651.249292
279.923828,178,4656.349533
293.766709,197,4657.176924
307.868341,169,4657.871321
276.875256,169,4658.528914
277.403279,191,4659.294289
317.553787,187,4664.504263
322.866136,217,4665.573837
278.603858,209,4666.723644
246.068796,170,4667.537646
313.888176,212,4668.669769
272.388918,193,4674.219054
304.135709,187,4675.069767
286.404363,192,4675.824728
327.725544,224,4676.717801
289.107101,211,4677.571167
280.120622,190,4683.4622
288.201625,184,4684.233849
312.461146,196,4685.083926
298.874701,186,4685.90658
274.371537,170,4686.686498
277.756823,153,4687.634429
281.554727,191,4693.142709
307.677857,178,4693.861592
301.410764,193,4694.656477
263.264132,180,4695.441182
296.611359,208,4696.610016
274.594178,178,4697.413985
303.27826,197,4703.350666
301.485363,194,4704.473967
269.775205,203,4705.487109
291.245733,198,4706.409237
279.17294,164,4707.109809
281.612449,189,4712.475213
280.628524,206,4713.33229
276.644354,177,4714.026615
308.368244,194,4714.816705
259.597787,169,4715.56147
312.593568,192,4720.958455
294.766573,167,4721.770776
281.944352,203,4722.866953
294.592234,195,4723.780791
279.789008,181,4724.620196
279.388318,191,4725.536334
276.061506,194,4731.080108
257.016672,167,4731.87023
270.270105,156,4732.576632
264.0199,181,4733.467697
282.749064,181,4734.343311
298.781906,194,4735.339108
272.059526,177,4740.902327
281.479857,191,4741.648335
300.325066,196,4742.568087
290.546174,196,4743.666989
288.622573,164,4744.308993
288.142963,197,4749.816997
259.210531,157,4750.453583
307.213991,222,4751.374535
285.492157,178,4752.124719
264.202196,165,4752.789214
303.997629,215,4753.620581
259.802595,175,4759.083005
282.531248,189,4759.860636
312.374558,189,4760.633249
266.83515,194,4761.510911
269.086772,173,4762.333281
287.413411,193,4767.703701
182.629825,1000,4776.579721
314.674759,201,4777.381345
299.423501,234,4778.550938
288.8574,178,4779.399517
308.560175,218,4780.432472
308.94003,305,4786.506831
276.795145,177,4787.227658
306.326221,207,4788.107068
274.511028,169,4788.97827
271.295954,172,4789.742858
274.074037,185,4795.143946
295.051304,197,4796.061711
298.37808,194,4796.949842
283.049994,154,4797.701984
315.021228,204,4798.613606
287.997444,205,4799.465792
268.473714,165,4804.670573
193.352944,1000,4815.001441
289.376448,200,4816.044317
297.591836,178,4817.015692
320.399237,213,4818.30254
277.840014,161,4819.070518
308.622791,218,4824.727923
315.066079,203,4825.557592
269.524357,167,4826.199365
272.422247,188,4827.033325
272.795933,170,4827.713494
278.644599,200,4828.563751
284.598545,185,4834.208289
274.321454,164,4834.881607
292.128479,184,4835.743805
323.380093,210,4836.726033
257.523928,170,4837.6882
274.646343,179,4843.368761
275.899044,194,4844.319839
295.915232,192,4845.47719
265.533987,156,4846.518589
308.780101,176,4847.638885
320.498457,211,4848.846802
267.071936,159,4854.154595
22.993063,101,4854.624657
293.745193,172,4855.326039
294.822992,195,4856.189954
287.827828,208,4857.061464
256.656561,189,4857.874599
294.528559,169,4863.257917
268.309416,165,4863.893512
304.556987,170,4864.609346
311.165491,186,4865.354255
279.831029,180,4866.085454
257.189607,184,4866.78861
318.657328,217,4872.340717
275.616908,168,4873.179302
280.15859,201,4874.079235
264.483142,167,4874.90927
282.976209,155,4875.726719
271.89333,182,4881.127628
292.908835,193,4882.045497
307.393412,190,4882.851845
297.095988,205,4883.684537
262.979966,162,4884.32651
303.889522,189,4885.141652
265.512141,151,4890.684612
294.461624,216,4891.627459
283.999688,155,4892.228123
297.059456,146,4892.809052
303.97031,157,4893.576174
294.621957,194,4894.485221
294.007169,164,4899.766486
259.660136,189,4900.553662
274.956205,194,4901.399388
276.803222,176,4902.040445
290.660452,212,4902.855314
273.760624,182,4908.032134
283.972805,178,4908.713785
306.837647,172,4909.524847
37.886829,96,4909.980577
283.861254,181,4910.87945
259.980563,189,4911.808747
309.502521,204,4917.279895
259.92757,165,4917.935922
304.848983,244,4919.13194
297.540588,171,4919.792642
283.953989,218,4920.647152
292.500165,171,4921.304602
309.048601,217,4926.813599
272.236882,180,4927.501042
304.852867,231,4928.525883
248.144001,180,4929.240336
323.197182,175,4929.961807
306.992482,204,4935.851725
281.651421,195,4936.685345
301.027176,237,4937.756805
285.74192,191,4938.5468
284.80844,166,4939.257776
293.375031,167,4944.777961
315.058989,203,4945.693677
301.764002,174,4946.406735
326.482565,212,4947.316707
311.14128,208,4948.179883
301.335432,207,4953.637474
307.208841,183,4954.428169
252.279308,171,4955.117306
246.259589,191,4956.124217
293.069161,192,4957.204734
285.938547,207,4958.226595
294.828404,200,4963.644444
276.592683,201,4964.451917
286.319295,183,4965.218583
294.350695,196,4965.979247
276.344301,190,4966.71669
283.277167,187,4972.398099
302.695671,218,4973.564979
263.087403,165,4974.409993
298.790658,214,4975.421908
317.3964,214,4976.273563
293.423062,217,4981.757061
277.575879,198,4982.553578
289.630044,187,4983.35962
307.51239,201,4984.252407
271.989055,178,4984.973794
316.363046,204,4990.59373
314.845789,217,4991.587094
275.508313,196,4992.483683
294.685049,181,4993.323091
290.748775,191,4994.219724
306.032748,201,4999.760204
285.927991,168,5000.458027
295.279858,209,5001.370556
308.256721,199,5002.377649
290.33046,161,5003.131609
307.925043,227,5004.359272
265.768334,180,5009.688336
321.42282,194,5010.507371
311.096866,193,5011.29632
260.091297,184,5012.025439
306.869062,176,5012.725686
295.019322,203,5017.95305
307.1111,188,5018.68641
281.569543,176,5019.43149
317.512014,247,5020.442064
294.861189,197,5021.278016
277.32217,166,5026.675276
263.195511,149,5027.33725
325.833774,224,5028.297816
294.784726,199,5029.144385
285.74206,196,5030.118626
277.491316,163,5030.887751
331.511345,182,5036.267393
292.95152,195,5037.109846
296.538347,199,5038.237293
309.250823,203,5039.342604
273.095466,189,5040.290194
261.29802,173,5045.680572
301.831956,158,5046.298462
300.634923,189,5047.064588
260.713766,193,5047.877665
322.484295,181,5048.647469
268.797948,182,5049.537682
281.611296,173,5054.701887
275.609721,174,5055.385588
287.317199,204,5056.349976
298.698392,161,5057.059377
263.590142,168,5057.807213
283.24543,191,5058.777213
247.674051,168,5064.169884
274.409886,176,5064.976533
308.894614,195,5066.026381
302.711171,192,5066.791573
308.650653,160,5067.6272
259.028086,165,5072.75398
270.709668,178,5073.44563
266.655015,190,5074.266446
315.607953,215,5075.166997
310.916224,174,5075.907495
288.803606,202,5076.768073
295.050918,163,5081.924849
280.623446,160,5082.619106
301.197646,144,5083.272565
289.484449,191,5084.002688
283.504737,190,5084.728814
299.766733,154,5085.337831
47.052614,93,5090.111736
310.791312,195,5091.008027
258.791707,160,5091.688498
53.144096,132,5092.202191
313.87737,212,5093.141229
271.841894,165,5093.847851
1.274592,83,5094.167632
57.059424,76,5098.741935
280.392991,170,5099.626518
288.587538,197,5100.419278
252.776525,157,5101.034861
303.764125,196,5101.848009
275.443788,172,5102.600128
292.361389,166,5107.565896
282.345403,186,5108.441681
302.078881,201,5109.211747
250.705406,169,5109.839595
279.584702,178,5110.564433
299.342123,194,5111.506603
282.049222,201,5116.935387
289.803115,195,5117.944693
260.084595,162,5118.720309
306.733159,186,5119.487179
280.524552,161,5120.149141
287.945505,154,5120.757251
282.586863,192,5126.189018
258.640253,190,5126.981761
284.742944,175,5127.814623
279.165721,162,5128.504868
314.886592,199,5129.263928
298.110762,186,5134.421893
303.565806,203,5135.225984
288.137708,185,5135.956395
294.947745,196,5136.732651
296.571367,186,5137.526244
286.965173,162,5138.176998
267.9558,166,5143.46729
303.83557,204,5144.503959
295.860591,196,5145.44542
277.118987,178,5146.303686
278.211022,190,5147.180171
249.784782,164,5152.391474
313.525875,197,5153.31189
312.865195,179,5154.098879
269.400317,243,5155.136275
269.90087,177,5155.888871
312.22393,195,5161.178468
297.214722,204,5162.069391
301.26187,244,5163.161841
309.571936,203,5164.047511
314.639718,197,5164.891349
280.178006,181,5170.1286
304.987994,200,5170.920363
276.857097,181,5171.634582
255.84354,175,5172.441389
294.906127,211,5173.429863
314.843622,204,5174.389444
277.373062,171,5179.537322
278.723417,224,5180.557856
304.556358,196,5181.555487
254.369907,172,5182.347787
314.718732,207,5183.3031
303.409454,203,5188.657003
281.595827,188,5189.438057
283.223978,173,5190.149102
291.92848,197,5190.969758
314.394706,220,5191.895858
290.352554,194,5197.298817
315.018166,201,5198.20265
274.57921,179,5199.010625
299.318414,192,5199.912418
263.31969,170,5200.628043
275.486014,180,5201.470293
290.90664,183,5206.892556
278.128036,206,5207.771641
278.575484,145,5208.429168
258.885965,166,5209.138
312.471221,185,5209.88552
65.482424,122,5210.411674
302.645824,188,5215.694992
268.771353,146,5216.255375
257.114169,160,5216.907426
248.158014,158,5217.534875
307.810627,195,5218.318486
279.591714,179,5219.004258
269.670662,201,5224.478016
307.545846,219,5225.377465
277.6254,167,5226.261872
288.66535,171,5227.126843
275.730328,181,5227.962572
320.41391,224,5233.572789
310.923149,174,5234.274817
270.560765,187,5235.09133
271.727211,178,5235.977608
328.908911,225,5236.850454
281.535233,189,5242.142332
294.798612,163,5242.879352
310.591158,202,5243.91218
318.948239,244,5245.013584
274.672271,184,5245.945368
281.196237,162,5246.595388
319.961958,204,5251.693904
276.409309,170,5252.334053
305.105239,204,5253.295202
287.788331,230,5254.359932
297.261604,179,5255.263531
271.634423,247,5260.679842
298.79442,185,5261.512329
299.741899,171,5262.269185
302.060002,217,5263.179734
289.836872,183,5263.896365
261.044049,155,5269.022683
290.286025,196,5269.796388
285.130626,162,5270.595941
259.592528,164,5271.218042
277.776242,170,5271.885373
257.521977,174,5272.600404
