#{"t_start": 1711302738.37688, "env_id": "LunarLander-v2"}
r,l,t
-482.638951,116,1.028884
-434.594905,99,1.295338
-398.238299,93,1.548413
-332.727241,118,1.873118
-458.740857,137,2.252773
-337.719199,144,2.657679
-135.240423,115,3.003924
-158.563513,137,3.401846
-96.629163,252,4.293662
-107.170454,208,5.173803
-187.485943,387,7.356742
-255.833698,241,8.83765
-221.43543,224,9.80835
-31.193358,351,11.308002
-42.421306,168,11.877256
-247.704406,275,13.038636
-180.435993,171,13.683393
-77.849428,195,14.557473
-100.093165,481,16.794099
-220.651759,346,18.387114
-213.150042,213,19.437554
-42.249302,365,21.428786
182.599031,1000,26.68917
-224.578056,280,28.286561
-93.468596,225,29.641163
-29.99084,181,30.663737
-76.087655,227,31.989416
-20.259521,292,33.671648
-204.744404,296,35.331628
-122.885443,160,36.029355
-38.746541,192,36.818405
-39.538679,414,38.940145
-227.451671,274,40.386093
-225.084485,382,42.19614
-203.140775,305,43.68613
-29.50164,162,44.386758
-184.197652,263,45.596688
-188.000148,207,46.563032
16.111899,288,48.361177
273.530134,414,50.648401
296.27285,331,52.022514
-8.157914,216,53.082535
-151.4422,215,54.236313
-55.750224,245,55.28592
-159.967403,188,56.240112
-189.474913,203,57.239301
-37.487835,438,59.682329
250.594639,396,61.878347
-146.798991,128,62.569556
-12.440875,153,63.268804
-200.897784,242,64.159617
37.915972,117,64.590643
254.580629,359,66.208665
-223.102388,196,67.173336
-192.206283,278,68.379044
49.887597,226,69.271762
-10.312924,104,69.72125
-30.470867,362,71.685259
-82.661282,315,73.320187
-224.568984,353,75.196765
-18.193934,275,76.839809
-170.008415,270,78.497301
146.616815,928,84.051144
254.07798,516,86.973866
-141.863436,409,88.969923
235.873107,517,92.002904
19.706613,243,93.933938
265.676714,376,96.007739
231.099181,435,98.568001
273.649239,312,100.022222
25.692138,161,100.944841
-229.730484,328,102.536924
12.764095,229,103.844254
242.219305,656,107.971272
-38.511233,362,110.502578
-90.417265,427,113.179476
-193.543856,275,114.617304
133.214339,749,119.115451
207.291269,472,121.568964
143.768298,911,126.52082
-165.608791,576,129.909178
-131.188508,173,130.978769
79.174283,1000,137.843845
-151.169113,282,140.079906
152.88224,527,143.414843
259.612239,473,147.989418
237.946582,395,150.349016
-145.930788,220,151.366696
198.802689,388,153.41224
195.484366,474,156.416346
284.083895,292,158.244303
245.596172,365,160.675087
29.970124,205,161.826842
-40.626115,329,163.449193
271.909032,348,165.550529
-127.999561,184,166.71523
23.625259,197,167.794865
20.463944,242,169.019608
0.16124,169,169.699449
32.855723,242,171.002531
269.777145,370,173.743542
99.2095,1000,183.183857
31.865423,288,184.953381
4.810531,224,185.989108
216.234486,503,188.622925
230.887716,431,191.502052
102.655908,156,192.723533
265.996903,323,195.503623
-164.405043,209,196.872268
-79.994151,1000,207.744966
-161.046011,212,210.062568
-36.902758,269,212.001129
234.424197,436,215.955801
35.050615,172,217.579441
178.041308,567,222.232364
-140.830227,161,223.069725
-12.386509,267,224.731735
10.823142,165,226.034451
236.309239,495,229.981711
239.377488,415,233.571181
280.212046,377,236.515706
272.654423,315,238.995701
-33.775916,318,241.690952
-144.951937,1000,249.965652
-69.443798,1000,258.914361
-110.869816,1000,269.046308
-97.188135,1000,278.945505
180.450657,504,283.268893
221.757281,480,288.399903
251.615813,350,291.848831
12.142536,226,293.921945
-72.580347,1000,302.995558
-102.276738,1000,313.785433
-11.155923,1000,323.09953
222.848517,435,327.423167
-88.017714,1000,339.409982
-126.676296,225,341.914068
261.24322,335,344.99854
-39.414663,1000,354.498056
-46.205486,1000,365.837216
-20.375496,1000,375.164527
-27.186983,1000,385.477947
-24.984816,1000,394.318658
104.21584,929,401.505193
-46.92643,1000,411.565396
185.770464,706,418.234689
-47.395815,1000,427.539173
-32.657254,270,430.131697
-20.65979,1000,440.491319
181.732721,692,446.787912
40.243511,133,448.110063
186.144851,759,454.500969
184.274442,565,458.555258
185.474775,589,462.884444
186.726662,500,466.446265
269.781922,301,468.184983
216.420472,384,470.16794
245.2103,330,471.842176
248.476615,397,474.806744
151.686525,923,484.801303
176.161887,818,493.345394
194.031905,583,498.203394
193.305959,751,503.451828
-64.978201,447,506.849912
225.858069,529,510.877993
189.424361,609,515.50391
175.169417,645,520.288997
-59.305825,1000,530.142165
116.995368,771,537.429608
163.631046,582,541.606183
168.268487,616,546.373673
-45.556762,448,549.547922
174.198592,852,556.149871
194.017789,563,560.050049
174.151222,481,562.882076
204.930406,625,567.507361
-126.849558,706,573.444052
-91.622433,1000,584.059211
-128.289937,657,590.35383
-59.053323,1000,599.284514
150.070424,583,603.857902
223.871158,593,607.344894
-114.812476,463,609.902055
-61.255672,241,611.451479
-90.04049,349,613.747061
228.331314,464,616.464802
-129.24012,258,617.733506
-65.841571,474,620.478734
-62.55638,263,622.196777
-99.416356,317,623.974845
240.396073,427,626.189827
-172.994508,525,628.586128
-90.856664,278,630.125695
-134.846833,240,631.393534
-111.846091,357,633.384258
172.053775,512,635.848488
-92.739562,198,636.819685
-109.597308,258,637.888104
-27.671898,319,639.267575
-74.123333,161,640.002372
-116.961884,200,641.062531
-78.884954,244,642.095132
162.727468,400,643.896605
-78.951514,182,644.769891
148.183442,607,647.548345
-177.549729,616,651.369098
-141.982072,203,652.857508
-122.240781,250,654.560837
-104.216685,244,655.983793
-138.980734,273,657.301158
-152.164696,416,659.509622
-127.065646,208,660.457325
-218.315404,796,666.130453
-112.198661,127,666.978396
-104.601419,153,668.064367
-93.623204,232,670.025483
-127.198027,337,672.758136
-155.851997,1000,682.325746
-114.9093,345,684.563293
-122.808609,188,685.710669
-160.647672,586,690.582566
-101.231994,239,692.169161
-121.365985,297,695.051116
-230.59946,754,700.454335
-122.946853,269,702.171544
-115.691291,143,703.091523
-77.107273,1000,710.108595
-95.908928,168,711.084202
-98.494449,191,712.249469
-127.890154,151,712.969326
-90.934295,240,714.219457
-93.850184,253,715.773291
-110.161818,278,717.368272
-106.303173,181,718.281756
-177.078338,518,721.620504
-155.634922,1000,728.689477
-105.081006,193,729.972578
-126.20314,1000,738.485625
-238.546936,658,742.056267
-94.929879,158,742.996112
-137.002014,1000,751.735736
-92.939492,1000,759.889656
-124.065852,149,761.274354
-161.95099,378,764.024543
-118.768319,214,765.050889
-121.247051,201,766.288667
-110.600098,174,767.482306
-105.310375,131,768.18031
-111.333659,163,769.176785
-90.937181,240,770.729073
-82.962814,1000,778.608682
-169.73426,487,782.693896
-133.616926,613,787.35162
-72.354293,234,789.007092
-90.633534,192,790.563019
-116.475587,206,791.838939
-157.840256,402,794.600101
-114.151651,135,795.547709
-84.563188,138,796.514462
-102.446717,254,798.12947
-125.444103,288,799.65975
-102.332691,1000,807.807297
-83.956573,197,809.317171
-93.087796,191,810.766797
-195.392701,678,815.926687
-87.716382,209,817.872786
-116.61374,363,820.417046
-74.34711,292,822.303116
-113.725384,305,824.581997
-111.739267,225,826.341924
-100.29013,158,827.806209
-143.304439,467,832.027667
-98.381538,361,834.692208
-141.061403,465,838.344194
-143.652845,1000,845.669704
-104.596663,1000,854.378096
-102.636405,164,855.512991
-96.235107,151,856.240636
-121.898767,293,858.069232
-96.897733,208,859.88181
-91.392712,300,862.529165
-91.95717,143,863.849323
-116.06762,285,866.543723
-110.492622,121,867.494007
-101.951795,1000,875.705313
-115.382986,213,877.171127
-122.555102,222,878.783463
-230.715576,860,884.722553
-126.107882,336,887.30426
-101.981824,1000,894.657091
-152.409813,328,896.806504
-103.368863,136,897.453049
-111.028926,331,899.828989
-210.420505,797,905.143541
-94.897525,162,906.080951
-96.483452,168,907.259593
-84.921026,273,909.125569
-175.699105,544,912.031585
-106.215394,148,912.7619
-106.04084,136,913.36615
-99.980026,142,914.089737
-160.570216,325,916.768856
-92.602661,177,918.430423
-102.191385,344,921.242412
-162.479653,621,925.678855
-158.320448,530,929.244303
-72.983825,167,930.474896
-188.096025,701,936.078105
-122.413488,316,938.375058
-121.096515,1000,946.428691
-107.025675,163,948.013992
-108.06746,256,950.479423
-124.779783,194,951.560469
-156.55079,326,953.511098
-110.64163,201,954.658511
-57.44305,1000,961.616535
-175.644673,663,966.53119
-63.967759,161,967.642069
-64.149639,190,968.385607
-123.762288,436,971.418249
-74.536071,1000,979.207396
-70.246698,213,980.739116
-173.846939,575,984.802089
-109.355639,1000,991.045939
-98.638111,200,992.086647
-97.53685,246,993.490571
-88.944884,412,997.225187
-94.717009,130,998.368843
-76.911313,162,999.572216
-102.31732,147,1000.234465
-106.442329,248,1001.40369
-61.855947,214,1002.664669
-71.34899,176,1003.730187
-76.340383,140,1004.618905
-116.079663,265,1006.425009
-80.470272,271,1008.118723
-91.585111,247,1009.633799
-88.37467,148,1010.53528
-95.387641,165,1011.922921
-110.761726,1000,1020.343
-92.520525,1000,1029.505262
-95.105005,328,1032.213235
-111.489855,302,1034.632234
-128.790281,359,1037.802402
-84.762384,186,1039.133011
-110.194093,341,1041.140472
-100.412227,1000,1048.470385
-52.619427,175,1049.425235
-149.59596,507,1053.547725
-140.218213,464,1056.733552
-108.014139,155,1057.914848
-110.402335,175,1059.353192
-90.898239,224,1061.185945
-119.226842,327,1063.275942
-88.139334,262,1064.714347
-107.084533,276,1066.506828
-185.195346,669,1071.952112
-116.833196,438,1075.418456
-127.597234,392,1077.532614
-107.27982,192,1078.414063
-72.320488,163,1079.348251
-188.461761,717,1083.899212
-76.134626,227,1085.122411
-52.441052,1000,1091.793876
-78.156437,156,1093.384719
-79.176671,204,1094.796376
-86.189144,1000,1102.082443
-93.227726,235,1103.405931
-152.711216,273,1105.357697
-156.096447,535,1110.135934
-99.303161,188,1111.300486
-89.157915,253,1112.7533
-94.768572,222,1114.133478
-160.682004,677,1119.649438
-202.543025,884,1125.986381
-99.52134,174,1127.265583
-195.294333,755,1133.564079
-175.94372,589,1137.909231
-163.278493,404,1140.779954
-78.970891,237,1142.50582
-109.049334,273,1144.112389
-106.205328,1000,1151.763479
-105.262201,142,1152.736478
-83.606271,163,1154.015348
-144.305794,308,1156.385804
-94.293388,188,1157.3468
-70.866674,144,1158.08318
-174.220079,668,1163.615075
-154.750864,532,1168.52486
-132.788542,210,1169.535413
-137.398727,313,1171.041394
-116.604563,199,1172.195606
-110.566423,158,1173.505502
-84.772348,152,1174.644468
-96.72215,173,1175.520472
-179.673751,550,1178.597116
-137.703705,286,1180.251683
-83.762023,142,1181.016981
-135.269536,495,1185.353823
-117.771541,130,1186.517706
-106.288964,163,1187.823847
-93.780773,187,1189.094699
-102.425886,168,1190.09488
-127.635565,334,1192.746529
-134.206669,1000,1201.281873
-113.677101,158,1202.262506
-132.425017,287,1204.014602
-199.178376,508,1207.274859
-106.284821,182,1208.626466
-239.786485,947,1217.059765
-137.281538,1000,1223.400869
-121.313735,258,1224.845919
-99.526074,213,1226.157064
-119.732328,160,1227.358492
-119.405775,158,1228.518059
-90.801334,221,1230.059569
-102.753563,154,1231.496263
-152.204819,631,1236.010374
-109.757457,132,1236.860915
-123.413989,342,1239.200688
-121.274581,288,1241.01344
-119.332575,285,1243.268969
-101.12197,215,1244.647686
-174.044013,543,1249.343349
-103.208316,277,1252.472951
-106.202246,115,1253.601112
-86.612089,1000,1262.197647
-206.798278,937,1270.614494
-91.121764,132,1271.583211
-55.018526,1000,1278.475019
-106.612289,371,1280.826798
-85.493403,196,1281.816228
-190.158769,736,1286.602632
-97.005367,167,1287.690604
-209.148381,930,1295.807146
-111.631006,440,1299.139025
-103.140825,398,1301.70576
-125.619993,368,1303.74794
-90.462753,199,1304.760816
-101.748921,279,1306.829988
-78.160835,129,1308.021126
-118.8716,244,1309.616612
-66.830011,1000,1317.293192
-222.57092,813,1323.909705
-140.784745,251,1325.955567
-55.853155,1000,1334.448131
-224.2259,950,1341.230753
-87.437989,169,1342.376914
-193.017087,782,1346.682372
-95.103955,154,1347.853367
-41.344535,1000,1356.069447
-106.35686,142,1357.230234
-94.162408,245,1359.546484
-213.896072,843,1365.493941
-231.904995,928,1371.488844
-79.973013,140,1372.306687
-108.603226,294,1374.315661
-130.830252,492,1377.286285
-90.248487,178,1378.053866
-56.958768,162,1378.873886
-107.809149,198,1380.000587
-124.069826,288,1381.711132
-98.366989,244,1382.741856
-149.308942,747,1388.518991
-95.256543,208,1390.25798
-103.094157,198,1391.639266
-68.066229,1000,1398.367113
-74.92679,1000,1407.318091
-116.757647,375,1409.821772
-78.070758,1000,1417.113311
-75.073859,1000,1425.447958
-46.806523,1000,1433.325482
-88.637334,486,1437.075178
-75.511576,193,1437.994064
-136.400048,629,1441.287012
-101.373099,456,1443.610981
216.923451,189,1444.844293
-112.875608,193,1446.00171
-58.848277,98,1446.544059
-121.648981,364,1449.282185
-122.777623,247,1450.898576
-56.048489,1000,1457.262727
-76.934584,158,1458.107835
-84.320611,199,1459.143672
189.840244,406,1462.179165
-72.113203,151,1463.495108
-152.445278,890,1470.834022
-87.241797,122,1471.611014
-62.62167,150,1472.609101
-233.998136,674,1477.601603
-93.41179,182,1479.208642
-78.24084,188,1480.812015
-92.93224,299,1483.346148
-59.529282,225,1485.901561
-153.722799,272,1488.591242
-123.605627,300,1490.661652
-97.880613,1000,1499.073709
-86.310578,193,1500.41389
-169.48685,801,1507.13771
-110.591542,420,1509.137027
-103.208111,121,1509.753321
-83.311291,252,1511.561041
-90.138055,199,1512.998534
-49.139082,114,1513.751261
-81.702218,353,1516.042542
-107.881693,162,1516.93821
-59.868029,169,1518.184909
-69.402273,253,1519.869251
162.284309,312,1522.287807
-102.66489,317,1524.92905
-60.087443,1000,1532.019007
-92.695024,263,1533.684126
-67.096919,90,1534.301809
-48.981698,102,1534.950932
-145.178257,318,1537.113654
-91.60808,143,1538.339215
-129.258086,160,1539.253378
-123.790425,400,1541.932105
-70.466208,1000,1549.151706
-149.399145,484,1552.610804
-123.110227,242,1554.486861
-115.374549,173,1555.83236
-132.232354,457,1559.054746
-92.468432,186,1560.237814
-79.120115,147,1561.144051
-104.041761,178,1561.898371
-88.046963,144,1562.555229
-79.603127,204,1563.529752
-90.760323,275,1565.15797
-96.242348,223,1566.708472
-113.801417,1000,1574.627836
-74.727353,207,1575.947921
-103.945829,474,1579.328393
-55.269288,166,1580.379879
-143.537831,520,1583.332482
-81.493322,186,1584.632356
-67.966855,1000,1592.171784
-87.145176,173,1592.860584
-38.535198,1000,1598.67228
-77.981589,1000,1607.49938
-115.237444,182,1608.63768
-159.385679,319,1610.139554
195.580683,305,1611.32541
-117.436225,168,1612.180449
-97.42958,163,1613.217916
-58.541086,163,1614.335534
-127.923497,461,1616.72936
132.345362,685,1621.704461
-120.57314,350,1624.906158
-85.14269,326,1626.726366
-137.014093,467,1629.584085
-93.956252,256,1631.333816
-44.190911,108,1632.046484
-101.901555,139,1632.941911
-93.521495,223,1634.372035
-29.311466,1000,1642.046075
-95.297632,154,1642.799247
-69.82636,157,1643.713147
-72.997476,251,1645.356747
-181.008906,456,1648.066777
-99.667543,198,1648.970001
-54.667143,1000,1654.437398
-106.512728,384,1656.527457
-116.701154,1000,1663.928346
-105.010149,257,1666.001833
-77.196856,149,1667.679046
-112.856839,190,1669.428863
-88.23439,284,1671.713657
-68.416064,219,1673.13976
-193.755302,891,1681.187155
-104.88589,232,1683.15516
-130.035117,402,1686.236905
-110.368982,462,1689.712929
-17.708889,1000,1698.7003
-28.19425,1000,1706.814238
173.269589,305,1708.772774
-117.221831,1000,1714.980698
-97.179655,1000,1722.48548
-84.909877,145,1723.616192
-96.065798,182,1724.888667
-162.014256,537,1728.432277
-81.789529,161,1729.440061
-57.029304,211,1731.040843
-77.98485,148,1732.264531
-82.535418,214,1733.69962
-129.820335,508,1736.47254
-66.855792,168,1737.285859
-197.380437,734,1742.914235
-128.967348,536,1746.946045
-84.454073,164,1748.200651
-87.243225,198,1749.327964
72.131507,738,1754.750304
-96.471137,187,1756.473916
141.536243,437,1760.956394
-126.436345,241,1763.254932
-127.327915,195,1765.184597
-77.274251,125,1766.479663
79.842019,648,1770.73009
-62.467052,170,1771.499772
-79.707169,191,1772.496089
-63.454993,176,1773.675453
-232.780753,986,1781.504935
84.56195,847,1789.737284
-51.84581,205,1790.66456
-81.779351,191,1791.763966
-97.406965,287,1793.888747
-96.537577,177,1794.906087
-34.105089,1000,1802.276925
-102.909101,171,1804.202852
-84.959118,1000,1813.154274
-104.499391,351,1815.998235
-103.03918,152,1817.113874
-124.024085,209,1818.815049
-58.107408,221,1820.868756
-87.041983,135,1821.822125
164.972431,299,1823.646472
-51.729569,1000,1832.171376
-70.173764,277,1833.777123
-81.827079,166,1834.929431
-120.281133,267,1836.503871
-92.206509,253,1838.04208
-76.171312,170,1839.040751
-60.32392,149,1840.017578
-89.277009,351,1842.067562
-61.601218,120,1842.688568
-84.330157,352,1844.800685
-69.502534,239,1846.523427
-91.358775,152,1847.636819
-117.910604,129,1848.661343
-18.331997,1000,1856.180581
-98.599688,166,1857.520945
-82.990881,132,1858.557229
-85.82392,217,1860.425458
95.564534,872,1867.625872
-88.759958,156,1869.010927
-111.519821,450,1872.327536
-105.699823,213,1873.862248
-81.812133,166,1875.018175
-98.836751,204,1876.437387
-72.056058,185,1877.67862
-76.043547,1000,1886.483299
-93.52543,190,1887.621195
-158.171145,468,1891.410253
-136.943593,682,1896.199409
-71.613078,189,1897.539821
153.965135,733,1902.932913
-98.926019,163,1903.571368
-68.195491,183,1904.399254
-98.999881,514,1907.421293
145.772701,854,1912.683337
-83.036431,240,1913.731317
-7.534302,233,1914.821498
-131.085244,155,1915.752499
-89.878766,371,1917.630808
-71.16832,150,1918.439085
165.54493,621,1922.443686
-117.953853,260,1924.889705
-82.190149,207,1926.577973
-81.028227,192,1927.73636
135.545175,442,1930.092704
-51.710593,192,1931.267303
-47.669683,167,1932.524235
163.084028,893,1939.384198
-87.115519,220,1940.518227
-90.57045,157,1941.682455
-89.059829,173,1943.254425
138.656886,486,1948.050885
-79.890423,1000,1956.834743
-65.884202,174,1958.276992
-74.504758,160,1959.336555
-39.471514,1000,1967.026102
-83.008064,167,1968.512631
-40.349794,234,1971.095692
-82.859955,854,1977.288844
168.691708,699,1984.409268
-60.169063,1000,1992.556024
-80.29352,195,1994.361247
69.203294,905,2003.066677
-47.858987,167,2004.063637
-82.726767,197,2004.942885
-52.623803,189,2006.016786
-55.635543,159,2007.100645
-52.140688,164,2008.53688
-55.551532,198,2009.98072
-77.755376,178,2010.701565
-105.863213,393,2013.508687
198.73944,594,2017.251171
128.411334,647,2022.449082
183.395925,839,2028.864568
104.660176,996,2037.264803
108.607022,845,2042.903
-62.299776,492,2045.789925
-54.863282,1000,2054.277745
-84.14753,236,2056.547582
33.684824,1000,2064.938922
-89.759525,234,2066.701469
-69.838698,274,2068.771082
207.422145,579,2073.578632
83.475383,785,2080.106737
-50.098016,169,2081.766478
148.422099,614,2085.617452
-39.450319,281,2087.36357
-57.915076,139,2088.470481
209.061142,257,2090.23051
129.544006,670,2094.84063
136.952454,771,2099.8246
156.959606,325,2101.823977
-64.648291,184,2102.818062
-83.592985,291,2104.981981
8.341245,1000,2114.487782
184.285357,530,2118.041797
205.663641,240,2119.33696
172.707614,620,2124.462723
-32.959981,1000,2131.731911
-93.977538,1000,2140.142595
-66.15992,140,2141.272582
-83.138645,250,2143.671567
-50.499028,271,2145.15611
150.24152,631,2148.880374
-93.108609,363,2151.010262
-76.116216,247,2152.337744
186.034289,447,2155.078981
-112.745982,379,2157.235589
-71.847953,208,2158.182211
161.302457,754,2162.617277
201.36795,526,2165.548893
77.000997,1000,2171.7366
139.134,552,2174.603555
-63.338577,281,2176.010657
197.667423,735,2180.05682
155.018148,434,2181.995754
-90.728604,145,2182.827111
-55.758801,165,2183.996364
-73.31511,176,2185.230621
-111.407381,270,2187.248795
-62.232477,137,2188.38676
-77.872521,245,2189.935323
-121.559362,287,2191.920433
-61.037993,1000,2199.305342
-87.827173,536,2202.594949
-50.139236,479,2204.852535
123.791009,603,2208.37405
-108.2356,452,2211.059712
176.2589,463,2214.049461
-112.415033,239,2215.355623
119.915626,631,2220.155597
-67.655002,172,2221.235886
150.345568,427,2223.661426
-63.739343,224,2224.758273
-74.400706,313,2226.553853
179.807945,415,2228.617389
142.275022,315,2230.109128
-50.338555,154,2230.668471
91.484705,1000,2235.044636
-63.892615,233,2236.11591
203.508732,340,2237.849972
-74.501586,252,2239.020315
-72.512825,163,2239.780682
-56.622876,290,2240.984176
-67.85564,177,2241.802253
-87.246223,168,2242.617957
167.17932,556,2245.439739
113.883716,415,2247.869555
218.742891,425,2249.895871
220.336329,407,2252.108536
-83.331728,130,2252.907032
-112.939555,478,2255.498763
-95.738231,316,2257.423137
-46.02996,250,2258.930577
179.722228,426,2261.257463
180.765434,396,2263.570114
-20.16087,297,2265.200107
-98.436644,124,2265.994171
-74.286174,146,2266.988434
204.082473,389,2270.365831
-79.290995,164,2271.138703
-61.24898,404,2273.639144
209.378354,466,2277.253783
-22.131344,304,2278.544277
49.047702,907,2285.524446
-66.578145,180,2286.696967
-49.296106,1000,2294.023675
150.633464,463,2298.655215
171.414467,629,2301.753262
-70.340793,251,2303.112993
-63.484811,152,2304.4047
-116.878411,477,2309.676573
-143.848142,603,2314.312813
159.608577,551,2319.561018
166.612395,441,2322.854604
-77.979614,351,2324.806736
-70.305869,315,2326.554017
-55.435429,168,2327.828089
-65.124389,148,2328.588437
-87.417469,167,2329.775569
198.798958,365,2331.631445
-66.340139,221,2332.912026
169.568073,287,2334.658688
252.48533,381,2336.986648
141.037273,326,2339.024548
165.731852,307,2340.952776
217.326189,400,2344.299981
190.8258,307,2346.536927
177.171093,455,2349.269725
-58.72902,542,2352.707597
-58.273516,185,2353.902054
254.458742,320,2355.713797
202.907788,274,2357.325036
216.970544,209,2358.700188
163.813088,464,2361.926755
183.758619,342,2363.868547
191.707116,258,2365.302898
-73.292821,148,2366.067178
-41.685906,1000,2373.249232
-74.136999,302,2375.358371
-60.824625,233,2377.333588
199.272334,455,2381.34335
180.681784,289,2383.703601
153.216535,429,2387.114644
-49.917476,1000,2396.774914
-75.190447,144,2397.879556
-59.037859,179,2399.173552
-61.444053,274,2401.469185
180.421902,437,2404.336262
126.966487,748,2409.894725
-77.06005,149,2411.285662
175.150504,624,2417.143755
-80.836194,309,2419.419905
-46.840471,235,2421.223243
-125.736241,356,2423.799487
237.301197,420,2426.630319
172.333341,454,2429.880569
-64.011603,145,2430.797543
-86.124987,238,2432.585713
158.677942,500,2436.926003
-85.919526,1000,2444.060203
-117.696147,324,2446.548249
-119.128773,1000,2457.350355
-79.465948,144,2459.0225
185.238629,772,2466.309937
-24.918972,1000,2474.249121
-78.512995,195,2475.54083
-60.981897,1000,2483.978707
-66.109892,276,2485.573724
-11.289324,331,2487.658781
170.421977,460,2490.512599
202.250513,222,2491.878604
-65.36601,184,2492.795699
221.223567,533,2495.814307
-7.65005,137,2496.596866
193.127463,462,2499.858034
-81.116892,122,2500.530219
-72.527004,241,2502.039555
-45.585603,174,2502.748835
-68.921061,313,2504.740285
-72.761794,216,2505.991982
208.640272,389,2508.181742
95.080646,939,2513.933916
147.859638,438,2516.601587
-19.224326,1000,2523.590305
-84.234088,158,2524.353965
-57.342472,1000,2530.216628
248.679583,339,2532.017744
-33.783697,348,2533.692936
-43.579643,107,2534.280717
124.365617,352,2536.410309
241.973853,321,2538.188818
-85.53798,250,2539.299713
133.127707,446,2541.594056
231.566485,353,2543.332028
-103.609914,380,2545.208472
-64.331206,92,2545.616865
246.675487,396,2547.567783
-21.059714,296,2549.230528
-8.208913,145,2550.190067
-45.967059,109,2550.93285
231.407545,362,2552.995848
-72.190365,175,2553.624816
-66.362292,151,2554.383303
99.50519,584,2558.245039
121.292681,707,2563.647794
-40.004674,88,2564.231182
-48.131661,290,2566.11874
-28.603005,218,2567.203925
223.237814,271,2568.75547
-68.855261,215,2569.693463
-28.214492,107,2570.080427
-62.584034,124,2570.590316
-26.857169,176,2571.3581
245.331414,321,2572.738237
-21.845752,282,2573.806741
185.639732,249,2574.9529
-122.826645,166,2575.751869
223.108712,302,2577.376064
-51.013591,239,2578.836858
135.812866,456,2581.443509
218.312135,595,2584.596337
-46.951283,179,2585.353067
168.529031,398,2587.825449
188.106976,223,2589.128447
54.755083,797,2597.463047
226.879059,483,2600.799056
153.065176,433,2604.046988
108.12206,689,2609.283304
-30.902844,143,2610.263405
211.21545,256,2611.90874
-46.968302,388,2614.185147
169.224795,600,2617.689785
95.816973,1000,2626.338741
-76.464024,162,2627.094276
204.279452,860,2632.605708
-66.315351,177,2633.779434
-68.648813,327,2636.526613
197.455708,468,2639.613502
90.885344,1000,2646.195869
228.455952,240,2647.746959
280.174227,248,2649.256188
-71.82582,173,2650.310121
202.46139,266,2651.61227
247.89578,300,2653.273946
91.583889,593,2657.13394
-19.567564,250,2658.482118
-100.254562,637,2663.399624
44.122468,228,2665.464924
-35.143228,218,2667.120373
-87.574918,128,2668.020291
297.01566,271,2669.669813
179.543928,633,2674.15145
-13.998377,254,2675.818312
-47.700103,1000,2685.724125
-55.983141,189,2686.846508
-87.488957,210,2688.048379
175.147863,385,2690.468686
-69.425537,1000,2698.246929
145.836258,386,2701.672001
238.105589,462,2705.187317
243.710979,281,2707.4215
-208.492056,897,2714.201569
9.55063,200,2715.266713
253.347857,302,2716.915062
32.582153,227,2718.110942
245.729492,303,2720.205706
203.615007,347,2722.715441
193.461849,253,2724.156934
213.207577,425,2726.983836
15.904213,275,2728.763753
3.014016,239,2730.241664
-19.933825,253,2731.655969
221.436458,457,2734.801272
249.117553,280,2736.922211
236.43563,283,2738.758408
-26.774219,1000,2746.252172
-71.853951,145,2747.589433
107.020072,751,2755.195677
-68.439969,160,2756.364333
207.143679,539,2760.755311
-1.661385,90,2761.36553
205.101071,309,2763.725282
-7.302682,267,2766.616906
245.855008,635,2772.324182
50.798705,115,2773.492352
300.83617,226,2775.818715
-73.69843,1000,2783.858063
-22.22473,1000,2791.949594
1.74156,230,2793.748204
170.480223,679,2798.805049
241.024382,412,2801.590249
-27.411429,220,2803.115811
211.833296,466,2806.886034
215.078126,430,2810.230652
166.036582,739,2816.285018
115.933928,606,2821.322915
276.061348,287,2823.572052
209.395288,328,2825.767443
120.818497,673,2829.681458
258.30292,281,2831.466621
-11.65736,186,2833.046124
-57.753767,1000,2843.686739
-30.177961,211,2845.302912
197.61221,482,2849.160012
251.580821,336,2852.015924
-44.110235,236,2853.654903
-39.560098,183,2855.06496
-107.542158,1000,2864.985978
173.046318,502,2869.587265
183.897691,187,2871.662019
-63.768221,1000,2879.810194
-77.411239,1000,2889.236665
-72.015435,202,2891.297784
254.991755,311,2893.656308
-112.319499,1000,2903.604907
-77.748694,1000,2915.712307
-37.512372,112,2916.430962
247.164012,284,2917.689953
-76.938426,203,2919.036901
207.620631,285,2921.164602
245.439772,278,2923.867219
-27.049761,193,2925.684392
-68.153727,1000,2934.541344
-1.771556,170,2936.172457
-78.199516,202,2938.68011
-31.928117,1000,2950.178304
-159.284835,796,2958.837286
-54.53577,1000,2969.92097
240.968524,309,2972.130638
170.134097,416,2975.377628
275.56444,282,2977.441933
281.663501,238,2979.330252
-100.309688,1000,2986.64453
256.777673,304,2989.112664
-108.416131,152,2990.204872
-67.271168,1000,2998.174721
192.328933,326,3000.558743
224.233636,234,3002.169598
16.397696,231,3004.019669
-23.608043,239,3005.865224
193.179895,358,3008.648499
254.515387,258,3010.531734
-80.505269,232,3012.121437
-65.603907,1000,3021.030839
-107.808651,235,3022.896325
-99.108458,149,3024.211803
-106.042588,1000,3031.966714
253.04496,400,3034.074826
-108.555279,213,3035.355748
249.215084,252,3036.938533
221.462887,311,3038.940759
256.978745,399,3041.181451
209.381484,223,3042.472767
198.545983,232,3044.187303
283.087654,362,3047.158388
268.18995,239,3048.508147
253.777292,307,3049.978112
247.919518,741,3053.931019
216.52493,844,3059.251593
221.470095,393,3061.053463
218.612863,320,3063.141121
219.823024,243,3065.088374
-18.27614,106,3065.767064
242.487009,276,3067.376845
239.493903,251,3068.667153
-30.948305,190,3069.908147
101.136443,1000,3076.221309
-71.401896,117,3076.800648
262.787267,321,3078.501599
-89.583079,129,3079.006357
267.023643,274,3080.480693
216.233424,217,3081.822153
213.767252,262,3083.115407
242.157686,521,3085.927615
-12.898379,91,3086.276887
-58.610717,101,3086.725062
41.795063,221,3087.771563
245.46291,339,3089.105071
-7.744191,178,3089.841214
11.046277,193,3090.849898
229.751272,235,3091.892488
20.00869,213,3092.873763
-8.688743,137,3093.521182
233.88326,360,3095.252481
-3.433104,104,3095.724421
-41.566061,128,3096.222678
258.135075,290,3097.568082
-55.147888,212,3098.953759
183.555152,265,3100.583024
294.291945,281,3102.604392
267.875152,305,3104.523936
175.450057,548,3108.580764
-103.895139,183,3109.716651
-111.288268,1000,3115.94777
-87.325049,311,3117.476141
7.503265,147,3118.185015
-80.708324,131,3119.021747
-120.595881,284,3120.743077
238.653798,302,3122.504425
-66.004022,172,3123.313664
-58.543893,209,3124.339175
243.424206,275,3125.987127
-61.751409,1000,3132.834875
203.477325,272,3134.252854
227.222411,395,3136.742132
-70.73909,148,3137.483788
275.038037,340,3139.59359
121.936006,302,3141.847058
-97.647702,165,3142.913361
-94.933055,233,3144.883597
238.731556,456,3148.148151
224.532105,319,3150.529957
-89.20341,130,3151.509339
-62.413628,1000,3157.787576
-47.945324,116,3158.420938
-83.723762,173,3159.314359
-10.045186,200,3160.310979
-68.156164,177,3161.08637
-5.571725,159,3162.118524
255.107416,252,3164.447379
243.835268,384,3167.077258
18.733447,242,3168.710751
18.151266,282,3170.334968
234.620298,285,3173.059104
224.901274,350,3175.895461
206.012225,458,3178.70127
-30.309619,187,3179.876211
244.751004,235,3181.889959
168.057539,237,3184.093083
223.179468,250,3185.658802
158.389911,1000,3192.909544
-41.289802,1000,3199.317304
245.932838,281,3200.834382
-96.913958,256,3202.457895
266.283949,254,3204.155222
2.776984,118,3204.916184
230.583568,518,3207.960463
-23.634547,216,3209.13708
236.077285,340,3210.989694
144.357122,301,3212.691479
223.107164,217,3213.827537
-25.556578,169,3214.709152
229.148071,228,3215.788591
225.45603,261,3217.134987
234.26957,310,3218.902337
210.995013,355,3221.101429
222.607227,238,3222.404132
-27.870183,84,3222.867005
193.915782,256,3224.234164
-67.178249,114,3224.770893
256.912861,301,3226.629869
7.118054,176,3227.574351
247.450567,252,3228.906053
198.599589,385,3231.189067
244.419657,272,3232.744241
-23.841633,146,3233.516294
224.252921,561,3238.162913
-9.587882,175,3239.458164
244.091494,304,3240.726326
204.69367,422,3242.776346
-28.395435,129,3243.48947
238.337701,382,3246.039778
223.635005,301,3247.638738
-52.739964,169,3248.361248
220.298685,428,3251.493258
244.701201,259,3253.681053
-58.265358,1000,3260.467837
249.355786,374,3262.56507
244.736214,367,3265.385357
205.148002,278,3267.890029
215.143738,396,3270.376106
274.949893,252,3271.580041
1.527478,129,3272.154049
228.747061,217,3273.169795
247.71369,299,3275.073906
0.880504,236,3276.774741
239.240615,594,3279.916768
1.364685,208,3281.167649
280.55554,562,3284.948596
-37.032942,147,3285.741862
217.577016,269,3287.183936
22.442965,158,3287.955616
-18.086924,265,3289.655753
234.431519,483,3293.138972
-76.977921,171,3294.537947
-93.251142,1000,3301.295578
241.96519,321,3303.293394
-86.357123,239,3304.847664
2.497828,252,3306.307797
252.670773,315,3308.351866
-34.082731,159,3309.140582
-86.998517,150,3309.839721
14.367344,193,3311.121123
-90.108858,147,3311.671622
201.435047,325,3313.304085
23.741283,165,3314.014297
-68.465285,141,3314.848507
-2.19054,197,3315.932903
-126.572909,679,3319.86494
272.540655,243,3321.026902
200.904571,237,3322.275591
201.609187,257,3323.835203
200.181299,263,3325.533722
254.067104,959,3333.034518
-42.971963,89,3333.654372
231.846028,295,3335.460546
244.84475,228,3336.779702
236.65158,436,3339.485283
215.790389,314,3341.306133
196.911807,346,3343.408248
-59.774772,166,3344.375391
-13.792627,229,3345.59237
-26.290676,200,3346.718848
-96.594258,275,3348.20469
262.737769,224,3349.48603
238.740359,241,3350.723955
-17.063175,150,3351.632563
242.370359,356,3353.601784
-25.131657,117,3354.093698
13.50995,223,3355.158773
244.270717,275,3356.395723
297.354736,250,3357.835482
258.823151,243,3358.932399
-14.729433,270,3360.033116
-66.876353,195,3360.957705
-105.664099,1000,3367.421262
259.412162,292,3369.30697
265.43496,295,3370.839359
-11.706711,229,3372.403927
221.479068,250,3373.836948
228.148851,188,3374.877773
244.405893,204,3375.828283
-18.012906,160,3376.546086
239.179344,302,3378.168116
-25.285449,245,3379.371794
257.908196,285,3381.041273
275.793965,245,3382.264191
-119.470064,268,3383.831992
-87.586664,220,3384.995163
269.350309,221,3386.389379
219.974888,293,3388.552765
45.282881,182,3389.478629
-23.669835,121,3389.985976
273.700474,230,3391.001469
235.538112,323,3392.72481
-70.465043,193,3393.995184
239.863728,277,3395.763586
3.416254,231,3396.999875
230.710889,241,3398.122216
-51.091281,108,3398.802404
71.846912,132,3399.532047
4.659197,187,3400.268315
-87.874802,180,3401.100927
243.82437,225,3402.082222
8.815991,123,3402.620801
15.430592,177,3403.402344
196.265755,893,3407.950459
250.150412,265,3409.267163
234.695763,428,3411.527729
-44.952341,92,3411.981364
-86.342637,279,3413.227809
-103.561551,378,3415.238766
-65.212109,118,3415.923978
2.516964,98,3416.307853
223.173237,287,3417.781627
222.40419,209,3418.865587
237.467721,239,3420.05793
239.037182,311,3421.723368
237.635936,284,3423.572303
279.857315,232,3425.505377
235.239515,277,3427.195215
-170.305918,840,3433.686414
230.13979,273,3434.831051
188.437059,326,3437.082706
-45.791737,149,3437.955505
-66.472505,151,3438.796448
-56.075663,214,3439.854551
250.651576,397,3441.833764
-57.180988,131,3442.5194
222.314372,273,3444.085075
267.540627,267,3445.347435
195.257622,225,3446.589551
-66.577164,152,3447.501484
211.200567,249,3448.943285
-41.151279,200,3449.864902
241.226863,302,3451.247534
247.353134,232,3452.549449
-87.496481,131,3453.236148
-54.105488,197,3454.321715
245.055089,410,3456.471079
221.187237,410,3458.796829
254.514604,302,3460.259949
233.376629,293,3461.720542
238.025296,241,3462.964161
238.117144,256,3464.428729
203.912818,306,3466.500132
236.9262,266,3468.242007
-66.049055,126,3469.047054
-96.011507,1000,3475.220894
27.679057,119,3475.954653
247.205972,281,3477.977499
-70.102088,157,3479.051577
188.415687,986,3485.400626
250.531346,281,3487.093384
15.293769,245,3488.294581
229.758812,240,3489.52812
219.972754,329,3491.813441
227.460015,340,3495.131329
272.533477,277,3497.636464
228.358871,286,3500.05745
-74.282264,151,3500.966845
251.423659,273,3502.862165
-73.005795,172,3504.041157
202.366147,362,3506.135056
2.76078,254,3507.304259
-111.292975,1000,3514.367624
221.124034,317,3516.176457
283.623516,850,3521.503296
256.756889,223,3522.631302
257.616158,199,3523.828411
-117.309693,258,3525.432625
226.94381,207,3526.985284
-31.316406,103,3527.423798
-76.446958,1000,3533.512099
229.34955,230,3534.504045
-70.231924,181,3535.242499
-91.249861,164,3536.008865
254.554536,312,3537.501282
179.206339,432,3540.424668
262.853973,449,3543.815463
268.233573,259,3545.139269
65.704588,120,3545.831012
-92.105036,140,3546.534966
-74.478359,176,3547.575161
-20.074687,170,3548.572496
51.502232,123,3549.265655
-60.578403,148,3550.014738
236.531513,255,3551.407992
252.403712,312,3553.477726
17.849442,108,3554.178861
288.865186,193,3555.806471
242.323305,242,3557.214849
-80.057082,197,3558.445953
253.983339,227,3559.764108
-55.665574,225,3561.01545
244.955694,755,3565.228382
234.408905,515,3567.784635
66.875426,170,3568.704545
243.190376,196,3569.798059
248.389233,288,3571.675242
-20.686525,156,3572.479883
-108.253209,259,3574.091726
264.653089,225,3575.293878
236.078747,224,3576.460257
103.464992,555,3579.4377
306.525734,232,3580.538001
257.834704,201,3581.527807
-31.480596,232,3582.666809
44.772108,176,3583.732836
-86.34972,209,3584.952756
164.126515,310,3586.451725
60.597114,131,3587.124461
-85.166184,190,3588.024337
114.742038,1000,3594.176754
285.171426,230,3595.53396
230.345354,236,3597.115142
241.104665,394,3599.581685
250.541225,250,3600.775803
269.998413,203,3601.816226
-102.810943,293,3603.181049
-39.835938,181,3603.9099
240.138342,250,3605.265298
236.212138,192,3606.295671
267.711339,241,3607.367036
258.558277,522,3609.994141
-122.014101,411,3612.279512
-86.487986,219,3613.462909
-96.748723,211,3614.465086
-83.884274,1000,3621.634542
234.368241,251,3622.8367
169.158185,299,3624.430129
249.088234,262,3625.724421
246.443619,198,3626.817389
241.38805,282,3628.520675
-106.247469,224,3629.793159
270.870461,241,3631.097485
-133.13395,594,3634.31101
-27.252859,135,3635.150493
-91.778104,139,3636.116996
282.721806,259,3638.100568
-88.363523,374,3639.836428
-62.033057,208,3640.708993
41.90818,174,3641.482151
276.957042,218,3642.417156
-176.143178,788,3647.171025
261.699982,311,3648.926556
280.271654,206,3650.038701
226.975938,242,3651.143609
263.575993,190,3652.208596
34.132373,151,3653.119887
256.134044,234,3654.340852
203.363133,242,3655.71076
267.69437,215,3657.206881
-82.247178,141,3658.050225
-130.558095,550,3660.760504
282.889351,388,3663.054048
276.21967,225,3664.595968
257.877976,275,3666.156701
303.180493,237,3667.398649
248.080098,258,3669.112544
-87.051228,212,3670.395727
271.409336,284,3671.88546
258.569579,230,3673.060318
-95.672141,191,3673.999772
-37.133316,201,3675.207137
28.438156,230,3676.744884
25.284975,161,3677.711769
-76.880709,148,3678.406149
235.507583,234,3679.498358
-89.647585,240,3680.728028
-69.152035,154,3681.443332
-73.825483,166,3682.126605
-85.836658,158,3682.975099
264.685028,259,3684.135439
-121.000526,187,3684.930951
222.67832,207,3685.957562
-67.654627,257,3687.598588
93.789942,1000,3694.368232
-91.909067,1000,3702.212853
202.917307,222,3703.505455
228.961711,234,3704.695023
-88.45137,210,3706.028836
7.486905,112,3706.690519
259.465701,232,3708.382182
-99.078331,352,3711.955006
-104.097095,132,3712.857868
-68.305093,159,3713.832026
269.933248,181,3714.57427
196.889797,260,3715.997437
-70.067654,1000,3723.479497
39.416415,152,3724.095643
-70.789378,248,3725.238595
248.409305,216,3726.361875
260.339155,198,3727.755169
247.228078,247,3729.351485
-80.038424,1000,3737.222161
16.217103,151,3738.351759
232.610967,236,3740.118257
270.821329,215,3741.749146
243.147862,238,3743.102835
12.516957,123,3743.754133
-59.510705,128,3744.474115
256.364773,256,3745.842222
-70.93898,153,3746.7976
301.644183,193,3748.137667
-79.47648,1000,3754.885169
291.483142,196,3756.257715
216.359379,215,3757.899071
-114.60045,188,3759.26845
-69.235649,211,3760.33491
-50.392106,119,3761.213247
14.501681,164,3762.34077
239.300096,212,3763.766319
-19.416173,133,3764.497825
289.524495,233,3765.742475
-47.188882,218,3766.777872
226.889983,256,3768.114247
272.907399,249,3769.46773
272.770507,235,3770.561768
284.295436,232,3771.784915
-65.683676,1000,3777.967154
-53.008895,156,3778.788318
251.701826,203,3780.633203
-50.897931,172,3781.842019
-27.059772,116,3782.773189
-78.42897,170,3783.580491
236.482432,264,3784.74434
252.772179,205,3785.711947
34.483286,188,3786.400511
-50.434472,146,3786.976456
-35.580432,157,3787.811172
228.716176,344,3790.338554
-1.048804,228,3791.52393
-92.536118,259,3792.876642
256.853729,238,3794.291664
-93.168377,242,3795.464956
-19.935457,170,3796.319637
259.929319,229,3797.374121
-69.533567,1000,3802.906893
-55.230391,172,3803.934684
8.596844,154,3804.96824
259.354201,205,3805.876018
274.999777,222,3806.919686
259.480922,253,3807.937236
282.14382,240,3808.858948
-26.229538,118,3809.417145
189.071285,205,3810.404902
-71.51278,156,3811.175034
233.036413,227,3812.309613
264.088304,191,3813.458607
211.262663,230,3814.860128
266.88103,232,3816.090167
244.4117,233,3817.228753
261.78491,238,3818.381584
-99.424362,251,3819.717079
227.133582,235,3820.941902
-37.672024,142,3821.542216
269.056149,284,3822.935377
243.682421,218,3823.983592
232.326327,855,3828.723788
-58.065281,157,3829.556807
-45.815449,156,3830.432656
-76.982508,126,3831.225704
273.371465,206,3832.450985
276.067217,253,3833.490722
285.073738,181,3834.186267
267.284654,233,3835.284792
-44.809183,101,3835.760649
264.696169,201,3836.784386
-47.652462,127,3837.609392
-103.317506,147,3838.520247
24.632814,171,3839.454628
-79.190026,1000,3845.4098
286.318696,188,3847.023312
46.583007,178,3848.755657
240.581006,221,3850.488952
-71.523612,141,3851.391274
231.638965,224,3852.502727
227.197019,279,3854.128238
-44.697419,1000,3864.327217
119.090283,719,3868.919277
32.062758,129,3869.672999
271.267669,257,3871.397302
-103.879764,131,3872.335407
285.759836,216,3873.396018
-62.9536,119,3873.912822
-44.802985,180,3874.634657
-56.434339,172,3875.422078
277.25778,176,3876.287427
261.936621,214,3877.407636
265.536277,197,3878.510365
211.496192,279,3879.969031
-35.453028,145,3880.865163
258.022902,206,3882.055016
231.343704,653,3885.711527
255.432205,221,3887.329746
275.642927,193,3889.38891
276.83642,192,3890.521076
245.421013,196,3891.290662
32.233578,130,3891.773916
266.182069,451,3894.01916
256.451541,228,3895.075922
-70.190409,147,3895.879017
31.346226,199,3896.745903
274.921117,252,3898.085624
239.724985,235,3899.077563
-80.233445,174,3899.945368
-48.443038,164,3900.590682
-151.702898,685,3904.252178
236.204783,195,3905.434808
273.198169,190,3906.75528
256.343196,193,3908.040795
23.327164,178,3909.210536
257.615963,313,3910.708014
-73.667634,237,3911.857562
-95.505372,311,3914.138448
271.320243,294,3916.050191
255.877419,554,3919.219526
282.979676,209,3920.278128
205.18787,451,3922.988179
20.932742,129,3923.635576
242.342221,205,3924.713784
273.642366,160,3925.601918
255.001318,159,3926.282884
-70.230909,342,3927.588279
263.483577,218,3928.482571
242.666929,232,3929.575651
265.784453,213,3930.429629
38.077409,147,3931.169778
297.650294,170,3931.951432
-154.113459,580,3935.187301
-64.014093,162,3935.895103
26.562127,160,3936.569017
62.532632,106,3937.030204
17.778688,146,3937.927605
285.196679,217,3938.930665
246.31344,251,3940.08631
276.666428,212,3940.970049
50.400867,127,3941.73367
285.775517,183,3942.746348
-78.240434,132,3943.41729
285.244736,189,3944.502574
286.231706,194,3945.565305
231.922068,184,3946.738442
-80.142307,304,3948.260696
279.50663,209,3949.270001
46.601571,114,3949.69369
267.786974,191,3950.507435
178.816448,231,3951.517552
239.287415,191,3952.368939
246.736806,179,3953.15386
38.990413,120,3953.751222
289.049348,227,3954.934611
-103.14833,128,3955.742396
-83.922541,164,3957.019519
266.29781,342,3959.073004
231.588555,186,3959.850963
26.672474,189,3960.634388
281.180831,213,3961.688124
-128.799518,368,3963.76612
-86.698049,286,3965.288697
258.108064,219,3966.503924
177.567485,369,3968.982836
-84.38805,207,3969.954305
19.800655,135,3970.577483
278.248286,194,3971.720698
251.088629,224,3972.87282
249.047016,204,3973.819599
-108.089735,294,3975.421355
277.514716,195,3976.553801
-91.933843,376,3978.266484
-140.934724,1000,3985.513473
276.700412,230,3986.609997
-101.407638,204,3987.713952
81.275912,117,3988.282722
283.183448,163,3989.028092
278.71452,225,3990.323128
257.891628,187,3991.307222
36.592425,129,3992.003812
240.160099,204,3993.150179
-101.617055,363,3995.060185
293.971619,176,3996.200704
290.960539,170,3997.309588
276.339962,170,3998.563843
261.560719,190,3999.54845
-66.043115,159,4000.232621
269.809912,167,4001.249499
-93.967487,150,4002.045055
-99.698908,217,4003.63598
-72.994184,1000,4009.723637
-106.873693,352,4011.410452
-98.161356,137,4012.075888
-101.177348,245,4013.368312
278.517977,199,4014.240758
241.747833,209,4015.280046
288.728166,178,4016.244436
41.221932,129,4016.938046
243.793965,218,4018.19588
289.010911,184,4019.509209
246.953425,239,4020.669246
273.953355,224,4021.663082
-33.739811,105,4022.085083
-24.698177,97,4022.417317
60.998537,115,4022.892628
40.392152,191,4023.71814
-33.135146,102,4024.208145
-29.519957,82,4024.514698
-3.286513,126,4025.045534
-29.479698,94,4025.455006
-38.044698,105,4025.862453
28.780478,110,4026.364031
248.211538,250,4027.670549
273.962453,247,4028.851621
-139.288339,791,4034.714954
-174.057239,691,4038.469075
-111.359695,280,4040.356915
284.967683,202,4041.769304
280.098814,227,4043.339774
-89.960584,228,4044.568013
53.750301,142,4045.247751
-82.110427,129,4045.882284
-21.91092,136,4046.683341
-97.715687,192,4047.945414
-91.864952,238,4049.535414
-35.322822,181,4050.71524
-64.375127,138,4051.392116
-100.807582,336,4053.317636
-74.407926,202,4054.304213
299.354811,181,4055.050698
248.612895,199,4056.207327
268.127871,232,4057.691305
-94.527804,281,4059.44567
-142.825317,574,4062.346532
-87.339013,202,4063.39444
-72.722314,147,4064.038921
-80.861741,243,4065.528516
-115.364454,1000,4073.905875
13.605728,110,4074.588529
56.23148,139,4075.416217
283.631697,215,4076.526416
-85.329657,127,4077.443777
-170.727278,510,4080.901255
-107.076869,329,4082.440337
297.9238,187,4083.433616
253.447077,207,4085.089192
258.271021,230,4086.742566
283.777704,178,4087.82339
-100.258785,225,4089.127921
252.457847,191,4090.321808
4.530742,250,4091.966287
-102.619621,148,4092.811338
251.374072,171,4093.702358
247.054498,194,4094.852594
40.72823,171,4095.785898
187.54815,784,4100.626723
281.20345,257,4102.100398
-92.705827,210,4103.334826
-104.413936,1000,4110.356437
-73.999859,194,4111.451797
257.891693,232,4113.015155
-96.363396,190,4114.715561
267.169667,230,4116.784695
262.485775,184,4117.659879
28.676414,131,4118.255676
237.895186,201,4119.218742
-59.02512,1000,4124.931544
283.360035,203,4126.180693
274.353362,188,4127.442611
219.71452,517,4130.723317
227.210897,199,4131.684103
292.486317,173,4132.494476
-141.817748,510,4136.054555
-110.094599,185,4137.109816
276.427696,203,4138.582685
248.675801,197,4140.134239
-99.644091,133,4141.114378
243.973811,197,4142.433944
254.833648,184,4143.570848
-90.172943,212,4145.059701
-96.065397,144,4145.769382
-47.861487,1000,4151.743633
264.289522,228,4153.540527
262.305362,187,4155.195214
281.696855,212,4156.566508
285.963967,157,4157.337306
277.266087,163,4158.41427
-92.518269,203,4159.723255
-81.443157,151,4160.58241
50.608596,153,4161.300267
295.390433,218,4162.51033
23.627892,155,4163.354312
268.628249,220,4164.219798
-72.967816,147,4164.888694
237.320952,252,4166.093297
-86.299532,194,4167.026437
277.941041,175,4168.151835
19.508479,140,4169.251666
243.094537,240,4171.044176
-115.929842,400,4173.495215
260.90667,180,4175.162336
-87.913538,145,4175.930444
290.811397,185,4176.661985
-96.397766,190,4177.802753
-10.214347,154,4178.623717
-97.899177,216,4179.811692
255.70942,186,4180.632479
261.971177,214,4181.765406
-32.193387,178,4182.609184
254.652793,179,4183.41612
277.34265,187,4184.238821
205.978234,260,4185.279728
-112.365922,1000,4190.323367
275.248087,226,4191.32058
32.062559,136,4191.815632
-5.621174,109,4192.224519
12.151843,157,4193.042091
201.810629,222,4193.960662
251.313133,209,4194.934646
271.075381,372,4196.549246
-139.010993,137,4197.144613
311.488282,236,4198.245738
65.224902,160,4199.029195
302.844498,207,4200.218832
-34.60858,91,4200.779008
-27.726453,69,4201.027745
242.119815,173,4201.618492
50.300395,148,4202.293045
255.6259,194,4203.138202
-57.430522,79,4203.501523
-42.611931,101,4203.996822
-2.646389,148,4204.705189
49.504484,160,4205.32047
267.007658,213,4206.155413
219.449601,214,4207.249849
-0.845734,173,4208.364051
272.753163,216,4209.346224
-24.488845,89,4209.693734
-25.328034,139,4210.336083
251.453505,220,4211.300924
251.42777,203,4212.165457
304.988683,207,4213.325805
1.012287,176,4214.327681
-27.805554,97,4214.957704
239.489896,237,4216.292958
8.453732,204,4217.333016
245.468252,213,4218.303827
221.605614,207,4219.335711
-6.511937,152,4220.024167
263.070033,196,4220.925033
253.429128,695,4223.891386
279.275731,251,4224.799247
260.007619,235,4225.751468
-13.859011,149,4226.400393
259.566653,196,4227.364661
-53.538274,110,4227.771708
270.969109,254,4229.037059
256.121957,261,4230.259243
-62.07715,93,4230.72633
-69.242004,115,4231.274844
-75.823943,348,4233.475775
277.48936,251,4234.766313
230.109252,343,4236.66451
-21.086672,110,4237.18052
212.266061,224,4238.247526
-107.203853,405,4240.738624
280.311218,153,4241.718042
242.344494,215,4242.870762
-145.985735,687,4247.96633
261.129484,249,4249.266106
284.638901,169,4250.176862
-97.052009,199,4251.257245
196.530744,715,4255.927448
276.552802,188,4256.894994
-122.120418,350,4259.111392
-230.521154,981,4267.30176
295.660426,246,4268.467617
-65.809738,154,4269.435308
286.313904,191,4270.217565
296.69609,173,4270.978514
-68.707441,223,4272.471894
273.951831,165,4273.403857
196.483419,250,4274.632755
-75.432149,131,4275.175681
279.7467,230,4276.207605
209.409573,364,4278.165899
47.480231,158,4278.902714
-35.679604,124,4279.311214
299.247327,215,4280.125883
-30.509684,140,4280.694488
-33.739119,143,4281.29138
243.520394,215,4282.08251
-82.086546,158,4282.625479
-65.580774,141,4283.121383
286.403849,177,4283.964383
-113.274991,190,4285.101203
164.246796,251,4286.311637
58.429614,159,4287.133976
-44.712653,105,4287.721056
282.403307,207,4288.570656
282.372943,206,4289.489908
196.573773,266,4290.720113
18.302063,173,4291.453156
-102.239066,135,4291.934314
52.490554,160,4292.641369
29.246501,104,4293.046915
199.337911,239,4294.084244
37.369438,130,4294.552772
241.262629,311,4296.273718
-83.315286,212,4297.266316
63.409241,111,4297.681755
135.261531,310,4299.070228
62.693963,117,4299.528524
-75.455541,125,4300.205889
304.179421,194,4300.920303
-23.855652,155,4301.614383
-49.921291,186,4302.565179
266.930628,196,4303.504866
201.951277,254,4304.854043
-71.210391,143,4305.635659
-75.915563,147,4306.411477
267.008553,213,4307.426656
-110.540353,281,4308.970154
50.168237,166,4309.794523
263.722605,238,4311.020336
278.445875,187,4311.82906
10.171175,195,4312.744254
-67.674993,168,4313.661402
246.141873,200,4314.772826
-49.380453,121,4315.476047
-67.466926,146,4316.137655
59.097046,107,4316.704489
39.889182,132,4317.388913
72.999611,98,4317.830666
298.492811,214,4318.774409
301.575225,212,4319.962104
-27.66263,176,4320.979844
-108.619593,201,4321.834173
56.387941,139,4322.431836
56.808753,110,4322.83166
-74.845965,150,4323.398478
-51.042761,162,4324.15881
272.154377,177,4324.954262
249.769894,199,4325.966514
228.957013,664,4329.897292
163.04333,274,4331.552535
-119.088936,496,4334.282637
238.546535,338,4335.922034
1.276498,122,4336.491113
253.04533,181,4337.34157
279.681479,167,4338.211088
286.884821,155,4339.048151
282.201126,321,4340.848693
264.552319,195,4341.979193
-111.424117,357,4343.399593
243.424942,167,4344.137159
-10.448765,145,4344.870648
47.949586,152,4345.603718
66.335668,116,4346.138774
-71.929889,144,4346.861279
291.835445,195,4347.79149
-89.855865,261,4349.151633
14.988309,109,4349.69463
-163.162598,663,4353.621357
23.689426,98,4354.211439
256.791589,167,4355.557327
-109.204095,265,4356.973513
189.934572,363,4359.084721
-99.276178,144,4359.721174
282.171444,227,4360.773456
266.721593,203,4361.94421
260.58331,222,4363.297966
37.055475,98,4363.903762
26.737735,116,4364.503022
65.69675,152,4365.245154
276.58183,178,4366.10225
291.203314,250,4367.482103
-141.079968,622,4372.327656
-105.20381,349,4374.268135
-120.474878,836,4379.272334
247.444803,197,4380.425294
-10.873998,129,4381.248641
278.094097,209,4382.654963
-106.994222,196,4383.806397
277.916468,272,4385.312572
-56.374038,1000,4393.740321
248.871455,253,4395.103631
272.576298,245,4396.225057
306.818123,247,4397.461925
-109.906923,211,4398.379914
198.452893,312,4400.07806
293.785354,280,4401.678246
270.970711,218,4402.972575
-74.390464,133,4403.811718
291.683656,222,4404.809502
289.887546,182,4405.678752
202.086311,332,4407.564866
66.780766,133,4408.252538
300.393295,183,4409.298272
258.951628,209,4410.571684
285.473639,212,4411.589993
250.899129,193,4412.48254
43.16683,108,4413.067742
-70.238254,151,4414.134538
59.233878,124,4414.682566
-36.920295,139,4415.236119
80.211815,119,4415.792082
-122.963003,305,4417.018661
282.723533,210,4417.92895
-47.351161,219,4418.90699
309.292155,183,4419.606078
-61.440826,249,4420.842455
253.137458,218,4421.784023
24.635463,130,4422.391201
-73.717754,252,4423.932108
41.084968,158,4425.071999
-93.826207,179,4425.863159
-74.184843,181,4426.71671
254.180255,181,4427.623693
-93.562135,227,4428.842303
-12.486219,170,4429.78483
-83.801725,176,4431.140902
-55.683445,1000,4438.02877
274.663631,226,4439.368311
-77.250196,225,4440.636315
274.785084,168,4441.572463
291.477195,158,4442.731333
269.401941,182,4444.395231
-41.139885,165,4445.508046
141.074225,519,4448.049611
-22.974184,138,4448.609103
-23.793687,144,4449.33905
287.131235,211,4450.257422
53.971322,110,4450.789504
278.333658,186,4451.750686
-108.849148,149,4452.600866
-65.480044,157,4453.437958
269.964805,177,4454.69669
-92.361785,199,4456.249853
269.404573,210,4457.384727
80.037681,596,4460.485126
34.202176,130,4461.025575
-79.524914,1000,4466.062853
39.175886,111,4466.509272
55.532863,110,4467.015842
-20.248473,172,4468.001475
188.385039,295,4469.698605
293.247714,209,4470.692765
-76.529108,231,4471.785351
285.100084,196,4472.746908
-55.212666,198,4473.720179
279.915742,190,4474.532037
286.038433,217,4475.355844
304.112314,253,4476.50534
-62.297277,160,4477.272556
-59.326317,169,4478.339782
22.523144,144,4479.31949
278.793644,179,4480.38002
-75.315184,194,4481.500933
42.831651,120,4482.294324
252.781362,207,4483.620352
272.362703,171,4484.463613
266.497285,185,4485.383452
246.214149,169,4486.316181
-34.004809,1000,4494.707
281.964379,186,4495.9659
-76.07733,174,4496.730135
293.567397,199,4497.892913
227.125148,241,4499.461221
-64.02205,172,4500.547076
68.071779,110,4501.091907
284.171294,152,4502.072553
264.362279,169,4503.552577
53.192937,103,4504.427442
297.101262,165,4505.040711
-93.510267,144,4505.817768
-54.824396,1000,4513.55445
-76.703136,296,4515.225595
70.317996,122,4515.802648
-135.214499,685,4520.150403
-83.729475,319,4521.845292
270.782254,197,4522.610229
-79.124058,204,4523.745445
42.666737,150,4524.855406
-70.510394,1000,4533.781313
-85.065409,151,4534.852294
207.006712,216,4536.202838
267.789752,206,4537.338083
225.782592,271,4538.776071
-71.651268,184,4539.991353
147.930133,338,4543.141551
291.391337,182,4545.511703
-105.290268,287,4548.427494
301.392029,210,4549.544626
-111.284132,169,4550.505258
288.607613,204,4551.844396
-94.511584,1000,4558.696254
-134.724688,237,4560.44365
-13.157556,243,4562.30275
-77.830007,1000,4569.775261
270.545784,202,4570.910215
-38.526562,294,4572.754147
-103.638854,228,4574.206046
239.768823,198,4575.514852
-114.523534,162,4576.565502
-73.294637,164,4577.674336
46.882789,117,4578.539166
-80.396534,118,4579.413792
-49.746139,260,4581.275288
28.759896,151,4582.053668
302.648704,169,4583.066465
53.691278,136,4584.027625
57.114814,115,4584.89694
266.619099,191,4586.274576
-50.223055,104,4586.86999
298.523313,211,4587.890402
286.329329,239,4589.286983
64.626587,125,4589.910184
75.161188,111,4590.425144
265.43922,183,4591.291311
-96.355189,272,4592.487685
-79.831182,228,4593.730488
-78.864474,324,4595.934814
-99.409377,166,4596.939589
-89.590633,221,4598.497263
-90.696497,185,4599.561707
57.707398,1000,4605.021294
46.016261,105,4605.548852
-100.135075,175,4606.450576
294.610036,212,4607.727954
212.127198,262,4609.883238
309.574692,195,4611.424048
280.802276,201,4613.033763
-103.109145,166,4613.839786
254.472579,167,4614.62705
276.08328,210,4615.709995
181.421439,344,4617.802775
-144.181041,645,4622.21492
46.041113,123,4623.000046
281.468745,198,4624.103439
71.814844,109,4624.676751
85.137403,115,4625.232732
40.002903,119,4625.853917
275.780374,187,4626.821618
288.864748,188,4627.928438
-69.291359,163,4628.644052
64.05909,114,4629.166719
220.475256,205,4630.240571
258.313244,227,4631.487978
169.681315,353,4633.695016
287.544663,172,4634.891509
43.11358,118,4635.358872
230.637793,180,4636.217996
-85.735908,172,4637.116128
247.095802,168,4637.903855
-96.175118,222,4638.941463
289.524565,173,4639.830963
46.073524,119,4640.574463
-119.115966,228,4642.332464
64.067847,149,4643.544694
263.009865,194,4644.596195
-79.536454,160,4645.33887
-86.732799,158,4646.202872
-91.67668,138,4646.895046
50.322735,131,4647.638006
268.958812,163,4648.588802
-90.875154,144,4649.335883
58.452534,128,4649.96816
275.209582,185,4651.07233
295.307419,167,4651.805687
244.967406,226,4653.062711
239.321393,288,4654.793025
-87.489448,194,4656.031177
299.441594,199,4657.41452
267.396348,183,4658.519108
264.88386,185,4659.91015
-96.810554,241,4661.696219
288.389758,228,4663.59805
-119.231616,213,4665.47186
-104.105506,281,4666.804371
-73.581006,1000,4674.572815
-101.825458,170,4675.513346
-101.340116,149,4676.436415
-114.893069,387,4678.739149
34.948236,167,4679.796858
277.360547,202,4681.012035
287.571667,212,4682.330545
253.636589,265,4683.514353
191.374402,319,4684.928121
282.983749,245,4685.876182
283.688078,214,4687.011495
-146.181729,728,4692.1777
251.925198,206,4693.768902
58.894063,127,4694.774279
130.524687,1000,4700.587091
71.645465,138,4701.276017
258.420255,197,4702.299797
269.710174,172,4703.418947
62.828379,116,4704.190156
250.792262,220,4705.519113
268.247715,195,4706.604343
66.335536,113,4707.170121
-95.978841,145,4707.797306
243.016429,182,4708.804393
262.905039,190,4709.742747
-70.30878,202,4710.653251
299.158387,194,4711.681683
-96.815363,381,4714.200259
240.13466,173,4715.168733
-93.226576,1000,4724.715913
42.029219,130,4725.779913
281.771331,160,4727.283043
282.143307,182,4729.12006
244.789016,217,4731.630948
260.642089,210,4733.80341
235.625288,205,4735.607167
268.084192,205,4736.901731
-76.228104,369,4739.457093
-119.56915,143,4740.837661
273.042987,145,4741.841226
199.031962,279,4743.7095
275.394057,235,4745.057019
22.443269,90,4745.717166
288.302903,188,4747.188153
217.214049,326,4750.227372
275.67517,160,4751.274338
260.895963,367,4754.626058
43.823351,166,4755.857172
275.458062,174,4757.221114
264.470584,168,4758.284996
267.647845,183,4759.350206
276.045858,210,4760.82682
248.789245,816,4767.457496
276.593039,201,4768.68904
4.996177,1000,4776.289362
241.412972,173,4777.835828
271.600981,195,4779.264606
189.9775,404,4782.723723
102.661623,1000,4788.961647
293.971533,239,4790.271528
171.282182,415,4792.87553
288.411742,189,4793.869485
235.657701,215,4794.963848
272.310543,168,4795.768094
33.904967,147,4796.516378
168.16631,571,4800.663669
273.986427,212,4802.242389
135.866747,804,4808.44409
34.486289,151,4809.249428
56.805715,146,4809.975631
262.669359,181,4811.083789
-38.65988,216,4812.625556
18.168575,80,4813.248863
41.940088,158,4814.241099
-43.940007,205,4815.536466
228.023513,724,4819.927522
-1.838524,248,4820.991858
266.081536,177,4821.81722
263.469301,179,4822.720917
158.111421,618,4826.503822
183.452173,176,4827.535615
114.685225,1000,4832.594921
-75.95211,160,4833.369895
67.451334,150,4834.298735
74.86086,146,4835.341803
-23.480943,126,4836.186365
278.579275,204,4837.344173
-88.160621,499,4839.695629
181.644882,456,4842.000446
296.615683,353,4844.303977
84.793336,154,4845.368353
55.584036,120,4846.278432
35.766299,90,4846.859901
301.017183,204,4848.176616
-47.924756,113,4848.742365
187.731813,599,4851.638941
275.288439,194,4852.656425
260.634539,191,4853.836313
53.288237,119,4854.399222
-0.778386,285,4856.288546
268.488961,175,4857.179566
21.285207,109,4857.687458
253.267937,205,4858.819599
-76.800249,224,4859.862449
280.983672,180,4860.806375
-102.656321,151,4861.615587
244.141883,467,4863.786785
294.684774,163,4864.565706
258.271951,202,4865.451326
50.957215,148,4866.109954
-8.129632,104,4866.579021
60.48527,121,4867.235084
302.281841,203,4868.457317
21.213091,120,4869.35688
51.303803,133,4870.1977
256.342046,190,4871.609022
270.119444,177,4872.517962
42.954973,126,4873.164896
290.737502,140,4873.813048
257.86014,189,4874.842814
17.069881,134,4875.708949
254.714749,158,4876.616535
271.747309,148,4877.603569
168.53446,561,4881.22111
307.601145,190,4882.173991
258.228007,200,4883.283423
-27.186153,116,4883.81831
289.233243,182,4884.597796
239.716398,171,4885.388664
-35.680986,358,4887.186038
-20.427666,91,4887.555816
280.724153,191,4888.652188
296.286736,197,4889.807283
-20.068139,90,4890.398688
253.421336,213,4891.798281
10.352307,239,4893.197358
224.681399,248,4894.892771
196.470053,372,4897.352153
289.79328,218,4898.244157
256.856662,175,4898.883625
283.281664,220,4899.96107
277.769271,190,4900.804569
260.885325,185,4901.605645
279.57432,222,4902.531539
261.565,201,4903.527712
280.67846,190,4904.52667
296.855555,204,4905.591026
283.791915,153,4906.36503
263.547058,204,4907.336085
247.203812,149,4908.192424
-99.105157,682,4912.601629
137.175474,503,4916.3976
257.443924,179,4917.642311
259.257799,174,4918.662501
-54.437662,357,4921.164029
273.894788,152,4922.027769
277.206472,178,4922.966123
264.26066,230,4924.089961
280.698094,211,4925.105327
239.207335,214,4926.12807
134.725966,734,4931.944897
244.461951,173,4933.38746
221.739521,252,4935.316424
123.231236,724,4941.954706
-0.99082,101,4942.881527
-31.957443,1000,4952.929076
-49.166737,1000,4962.727532
48.367807,136,4963.875686
273.057461,199,4965.632881
-13.896963,1000,4973.569803
68.373317,117,4974.280642
-6.018833,1000,4983.907041
269.999281,180,4985.533603
22.344002,1000,4993.175517
262.962973,224,4994.565731
275.924129,219,4996.4947
-30.260298,1000,5006.946706
271.987845,224,5008.956672
-74.534836,797,5017.299314
229.682722,351,5020.526771
257.847552,315,5024.015005
48.503338,99,5025.157846
16.307826,95,5025.724608
274.075845,185,5026.9011
198.276471,342,5029.158098
268.185619,217,5030.383545
36.075615,126,5031.042718
212.970896,609,5035.530093
-51.779967,460,5038.521769
275.698816,177,5039.502935
72.381804,103,5039.988554
243.922641,714,5044.38028
250.712554,163,5045.295166
76.394208,97,5045.770549
216.013115,468,5048.953539
256.600518,776,5053.173676
276.988272,199,5054.193547
255.34229,161,5055.128397
266.126972,179,5056.209863
192.22314,498,5059.449778
287.513377,176,5060.514301
-20.184499,232,5061.652249
211.052024,299,5062.966501
98.190291,161,5063.696457
201.476178,247,5064.75583
301.379083,198,5065.882651
88.489937,144,5066.914016
74.507261,141,5067.742983
27.582809,100,5068.426978
63.746192,117,5069.233851
177.099345,542,5072.477837
303.287323,251,5073.752958
51.869257,128,5074.372205
298.084978,228,5075.726055
258.622606,176,5076.635046
56.921458,136,5077.324723
293.155344,146,5077.884509
47.44568,99,5078.395352
61.108785,106,5078.974641
280.323613,298,5080.439047
277.882779,234,5081.676351
256.749967,224,5082.766486
23.69283,77,5083.098146
235.960365,171,5083.995165
278.325663,228,5084.852484
42.023275,176,5085.701476
272.722416,235,5086.733148
273.842368,258,5087.839889
289.45263,209,5088.804577
260.337405,158,5089.420315
44.531245,110,5089.890282
224.740232,321,5091.382657
92.63431,187,5092.244345
73.374588,137,5092.862689
294.655234,267,5094.185085
12.617369,111,5095.064844
214.564442,373,5097.662772
3.998645,112,5098.214132
43.927685,143,5098.82608
56.775814,134,5099.564385
49.723425,112,5100.127167
66.218816,178,5100.890892
33.219104,206,5102.003036
144.053177,1000,5107.207155
14.885239,99,5107.690528
293.629593,213,5108.83821
246.740007,359,5111.040513
32.445979,153,5111.878793
53.033263,101,5112.469724
14.773062,114,5113.145724
267.706894,186,5114.476768
265.966564,209,5115.642569
241.65458,171,5116.502575
223.905238,387,5118.827864
231.65819,414,5121.156462
266.022849,222,5122.603404
264.041122,184,5123.613201
244.99565,395,5126.172712
293.595417,282,5127.974469
243.439124,229,5129.128061
295.646006,300,5130.745988
233.929379,279,5132.212016
53.574759,162,5132.997394
36.804501,176,5134.058386
77.541822,142,5135.008026
262.295432,331,5137.079776
15.016568,123,5137.740515
54.670385,246,5138.817488
252.977099,595,5141.564048
63.501972,113,5142.077468
254.91192,633,5145.274672
35.580742,203,5146.311428
-11.853391,215,5147.293461
224.249076,262,5148.405963
287.444237,185,5149.131482
275.51463,196,5150.05745
306.794998,216,5150.962492
278.502773,189,5151.706399
265.441534,173,5152.417111
271.963023,172,5153.155056
266.238849,199,5154.230204
66.003481,165,5154.992403
59.99214,142,5155.607166
251.729615,157,5156.242382
-35.744644,201,5157.014388
256.299611,158,5157.61528
-2.208712,242,5158.793076
260.116115,194,5159.736325
251.169091,365,5161.236965
-31.012017,326,5162.617392
81.585912,158,5163.497055
231.279549,265,5165.098749
10.417571,253,5166.678506
36.360279,226,5167.893264
314.051161,259,5169.309963
295.478351,278,5171.071463
273.224888,272,5172.76351
47.443874,199,5173.645539
261.545941,167,5174.467219
40.38766,150,5175.102981
308.113633,261,5176.405326
20.766025,167,5177.076239
53.823905,198,5177.920263
-24.974794,198,5178.690547
269.081317,214,5179.523396
261.696312,149,5180.117148
-1.384129,227,5181.005419
296.00619,198,5181.692052
-15.462827,187,5182.46019
259.181925,168,5183.07584
253.018978,170,5183.773979
71.953718,176,5184.452299
230.732904,350,5185.926188
27.925429,158,5186.593148
-14.00478,216,5187.641249
261.709648,201,5188.615202
6.867619,200,5189.632487
261.124403,166,5190.268342
289.248244,225,5191.174267
64.18818,174,5191.901388
29.013013,167,5192.720139
293.485058,222,5193.605927
246.930592,486,5195.775328
300.694911,237,5196.945943
12.809232,160,5197.848427
234.965828,270,5199.133655
68.150963,204,5200.234928
11.940611,214,5201.365654
294.22517,238,5202.527822
254.604789,215,5203.516738
293.670615,252,5204.819657
288.321619,288,5206.313106
52.45172,187,5207.224685
61.770587,187,5208.038019
39.916552,181,5208.756078
276.063508,378,5210.475935
274.061398,282,5211.91588
76.936446,146,5212.604734
259.254707,249,5213.744925
269.214788,280,5215.128206
270.43194,219,5216.096144
274.048287,225,5217.101857
281.866187,199,5217.998396
233.102238,237,5219.14566
280.482133,207,5220.010507
288.93499,241,5220.99955
50.727363,193,5221.919401
246.303289,185,5222.686089
289.221921,251,5223.86816
241.204447,302,5225.135261
224.747616,287,5226.477819
272.929873,239,5227.625628
279.045643,230,5228.634704
282.609422,237,5229.641982
14.466265,169,5230.505272
-3.505543,165,5231.287516
36.423409,179,5232.436269
256.27884,234,5233.645446
281.960241,165,5234.295297
22.776754,175,5234.956182
253.712195,255,5236.20325
253.954597,178,5237.028757
262.207958,218,5238.174302
261.503772,253,5239.227556
47.647505,187,5240.055208
32.340702,196,5240.839426
287.042322,245,5242.034091
21.729852,191,5242.841579
276.263279,276,5244.173538
292.734545,251,5245.283024
238.947041,311,5246.890224
289.794923,191,5247.762868
307.729694,281,5249.021919
75.150053,172,5249.82059
277.110031,197,5250.675689
254.785644,201,5251.535253
226.214287,852,5255.766222
246.247956,194,5256.607715
282.338128,171,5257.452171
83.994995,135,5258.061977
277.537132,211,5258.943985
281.261737,230,5259.952362
9.990257,190,5260.837223
254.790517,580,5263.772994
223.639379,311,5265.463574
256.576003,301,5267.055004
257.575178,271,5268.36385
284.941425,354,5269.936908
279.08775,164,5270.708066
245.40673,174,5271.436842
267.104106,219,5272.275032
280.515763,276,5273.85905
238.31122,245,5275.40514
289.113448,233,5276.524334
279.10795,225,5277.458676
268.712741,204,5278.334036
86.63427,187,5279.179373
287.320533,195,5280.026087
242.310222,283,5281.432803
284.147735,190,5282.575502
246.614529,700,5286.242647
2.028254,184,5287.102824
270.558933,305,5288.550316
243.696094,199,5289.332047
30.047928,165,5290.049731
6.300512,179,5290.828495
60.618906,104,5291.303913
295.668023,205,5292.23664
90.992583,192,5292.955774
316.102004,234,5293.91275
282.927864,254,5295.179941
22.206497,174,5296.061715
269.953965,189,5297.052515
262.88082,178,5297.790105
251.147902,189,5298.55419
244.884317,167,5299.22992
306.325774,198,5300.10928
59.411488,184,5300.865572
74.798042,180,5301.698891
279.342321,250,5303.040415
285.460692,243,5304.051062
240.376214,156,5304.678548
85.18123,120,5305.105248
271.488928,205,5306.147083
267.433806,162,5306.84409
291.370037,178,5307.542177
255.707698,178,5308.317464
303.734919,228,5309.397654
279.300611,186,5310.238262
61.151469,92,5310.715313
245.754097,191,5311.61012
-18.29024,191,5312.595927
52.037989,179,5313.356032
27.57602,185,5314.212675
40.731617,174,5314.99734
283.095053,160,5315.78246
276.988787,192,5316.853929
261.326812,172,5317.596375
295.260936,178,5318.254748
55.396325,177,5318.9278
300.418849,245,5319.99182
306.84749,205,5320.773234
272.227096,168,5321.539254
277.085315,223,5322.361722
275.045168,154,5322.994004
273.970521,198,5323.820387
291.614979,162,5324.512399
241.23846,243,5325.625407
240.99412,177,5326.337956
259.672764,180,5327.030252
-61.23288,181,5327.806836
297.070765,231,5328.77882
-36.181611,171,5329.500497
311.085257,223,5330.495736
289.79353,217,5331.362036
307.619536,243,5332.403463
-35.758985,198,5333.346748
35.489632,138,5334.134125
281.469709,189,5335.313148
-1.289581,174,5336.033824
287.887167,234,5337.1623
-54.825954,173,5337.923724
263.383814,211,5338.877802
-44.564658,199,5339.836001
263.241501,200,5340.878236
256.456751,217,5341.842312
-16.506854,197,5342.755729
94.369863,195,5343.641551
-2.072946,223,5344.647912
39.834655,90,5345.034928
10.841878,151,5345.660689
271.217103,205,5346.541912
-46.190103,181,5347.250677
13.920984,191,5348.013453
296.761696,243,5349.071595
-21.953238,207,5349.957836
59.912194,125,5350.435662
1.221971,180,5351.172778
299.875533,186,5351.960396
256.211675,192,5352.84238
14.608668,197,5353.618278
280.015225,257,5354.779989
279.674365,152,5355.413446
36.085159,239,5356.650466
80.801455,153,5357.390203
211.232985,210,5358.247503
280.820075,240,5359.428533
282.10271,196,5360.425329
297.110523,217,5361.550108
300.848055,215,5362.575911
317.224591,228,5363.830166
260.126243,193,5365.094026
260.46037,341,5367.175307
296.759279,203,5368.363334
238.525631,189,5369.261493
10.914075,161,5370.046136
259.44458,168,5370.699186
273.860312,232,5371.759643
289.828485,232,5372.92046
48.433021,180,5373.843902
312.73468,215,5374.805891
-12.696143,192,5375.599217
51.899371,109,5376.02658
-21.100759,173,5376.730243
266.357037,194,5377.552193
281.456186,230,5378.849833
276.745241,221,5380.096362
251.277851,207,5381.070659
301.774245,233,5382.320861
284.165424,185,5383.179202
294.221619,242,5384.17666
268.75979,183,5384.992254
277.25369,174,5385.825044
50.833557,99,5386.353122
279.841252,173,5387.326741
-22.659992,189,5388.304148
50.431223,157,5389.065616
25.087827,164,5389.776247
283.058055,213,5390.572945
294.042792,245,5391.717142
253.167427,202,5392.663775
272.702516,188,5393.710681
-5.802793,171,5394.565039
72.477665,172,5395.301395
297.906242,239,5396.330657
236.82817,243,5397.327571
48.314071,186,5398.147831
268.178119,185,5398.934608
225.590332,367,5400.613368
278.677692,213,5401.612965
15.652298,187,5402.494697
78.281573,161,5403.244696
61.657053,143,5403.89317
51.200417,157,5404.595117
65.045828,164,5405.21514
2.188121,186,5405.926559
283.640131,211,5406.892969
47.498676,180,5407.694211
67.704012,127,5408.244772
20.289894,185,5408.984968
56.844837,107,5409.395254
290.566831,231,5410.430127
75.428463,152,5411.112765
254.244464,206,5412.05333
277.616599,225,5412.990872
63.635908,173,5413.803766
309.275838,242,5414.782288
283.521292,179,5415.644761
81.480242,176,5416.5053
24.45465,185,5417.280375
296.362121,193,5418.13343
292.627601,185,5418.987848
52.512093,168,5419.790814
285.440325,262,5420.943626
291.649151,309,5422.40957
311.208333,228,5423.477863
294.66738,237,5424.894922
275.215415,193,5425.804521
50.340807,174,5426.541771
291.502278,216,5427.497837
276.502628,331,5428.984583
46.706444,158,5429.858646
280.27972,226,5430.922282
31.12871,168,5431.636841
258.479164,175,5432.414272
290.48217,211,5433.350729
285.328928,166,5434.044726
256.347361,154,5434.670112
272.585186,196,5435.59866
-25.557788,185,5436.393437
49.177912,122,5436.977122
277.53871,224,5437.792022
245.790085,250,5438.86171
281.463097,329,5440.224314
288.637871,572,5442.77041
61.056877,178,5443.413521
48.62827,171,5444.026417
274.856466,196,5444.802751
38.760239,95,5445.276848
75.441957,169,5446.11564
264.550847,228,5447.162718
282.040195,229,5448.19652
43.573871,100,5448.614465
284.651637,186,5449.310691
69.359959,124,5449.825943
305.431243,224,5450.673274
254.439504,192,5451.393353
298.505041,196,5452.242203
263.487917,207,5453.18339
275.377781,203,5454.002223
282.707321,175,5454.764107
296.426918,250,5455.871268
64.648387,118,5456.289232
288.281955,214,5457.127412
268.781145,169,5457.881947
290.03225,233,5458.80786
287.350796,198,5459.605746
41.786991,123,5460.156816
49.319991,150,5460.750128
61.777758,148,5461.425467
48.185732,160,5462.052137
30.189419,87,5462.41116
275.660656,168,5463.145331
296.68171,219,5464.103145
56.708206,177,5464.951583
256.10182,176,5465.831228
252.467418,201,5466.811679
271.471784,201,5467.6885
65.82945,169,5468.52141
273.771027,179,5469.323766
280.308712,203,5470.210545
34.708229,145,5470.829986
21.640407,121,5471.310984
56.874264,113,5471.775104
308.37231,198,5472.652566
295.895043,192,5473.398427
65.570063,103,5473.837698
289.95557,168,5474.581954
254.325317,178,5475.450619
289.111565,230,5476.582156
69.508029,180,5477.407603
55.931537,121,5477.920164
270.640814,195,5478.651621
5.331219,138,5479.20879
281.864081,601,5482.159529
278.204466,258,5483.437004
58.472559,171,5484.296206
228.0655,212,5485.283649
270.58686,178,5485.990408
316.033228,280,5487.379381
281.178278,225,5488.373714
298.041286,227,5489.327804
263.981234,211,5490.240203
284.966217,221,5491.187882
57.241283,158,5491.954777
246.018779,215,5492.997462
63.138478,150,5493.58349
44.068901,167,5494.312559
40.194893,162,5494.88596
277.154118,222,5495.741053
271.694895,170,5496.444273
282.367309,216,5497.48251
55.096138,118,5498.187521
38.590101,158,5498.972366
280.317879,181,5499.802681
254.475798,184,5500.620523
274.618198,204,5501.42733
256.707119,192,5502.255624
292.99145,182,5503.03838
291.716561,242,5504.268287
47.3206,175,5505.102294
283.889203,212,5506.184804
297.755244,199,5507.145144
322.209568,224,5508.012042
257.711223,228,5508.918117
280.595419,185,5509.751371
51.408891,162,5510.421204
57.773239,158,5511.061923
304.266964,237,5512.001428
54.429336,139,5512.520773
271.280401,175,5513.189231
48.554515,157,5513.795875
243.004254,213,5514.772681
226.315969,384,5516.353075
73.784916,173,5517.122138
63.299646,170,5517.831521
263.046377,193,5518.56206
283.889967,196,5519.32038
308.855812,234,5520.290819
-2.297833,177,5521.07843
39.876484,126,5521.567203
284.074864,247,5522.593661
69.176319,179,5523.326156
280.978285,222,5524.212951
241.766843,204,5525.033879
248.474139,247,5526.110105
26.13817,148,5526.758147
39.58578,150,5527.461516
47.989686,117,5527.905445
67.973944,164,5528.613194
37.962373,155,5529.349045
304.229445,226,5530.498907
274.5723,244,5531.539361
58.090128,114,5532.06848
64.09223,145,5532.809863
271.419883,178,5533.55527
249.718981,205,5534.484325
289.719802,232,5535.658579
284.935592,201,5536.591514
50.844714,144,5537.118045
276.435303,217,5537.966666
283.559266,218,5538.793227
61.616693,136,5539.304026
55.356252,114,5539.73443
38.541371,134,5540.244171
49.278223,121,5540.711776
271.488122,184,5541.386223
255.438745,186,5542.037056
293.71555,243,5542.99329
59.69308,152,5543.515228
49.207379,127,5544.020722
69.252449,129,5544.502178
270.854969,188,5545.259157
42.785812,144,5545.757777
284.580913,186,5546.419516
80.215787,160,5547.047615
68.601276,114,5547.573037
305.739665,180,5548.363543
229.917006,533,5550.530757
42.183186,104,5550.900696
294.711099,225,5551.806143
43.001055,152,5552.46627
42.416145,114,5552.98789
294.93771,185,5553.715851
82.763797,134,5554.370238
289.807504,208,5555.253481
56.949209,151,5555.842395
314.439766,193,5556.811727
253.276946,202,5557.737185
266.029194,201,5558.501359
311.251175,252,5559.434506
291.869897,183,5560.201569
85.794979,165,5560.98243
261.789936,190,5561.904558
78.354737,162,5562.598253
71.23282,152,5563.276087
5.986772,120,5563.797395
61.311199,126,5564.293325
22.400731,101,5564.633232
53.799228,141,5565.162933
304.648868,227,5566.118213
295.828093,221,5567.120906
66.278732,144,5567.791295
118.365856,1000,5572.794605
249.362061,167,5573.538647
290.187844,199,5574.423753
299.588986,197,5575.230089
279.186293,180,5575.880401
276.750949,204,5576.736652
64.556746,141,5577.414114
287.358479,199,5578.164317
295.356339,201,5578.923896
42.828645,156,5579.519137
240.131541,176,5580.24979
241.744265,178,5580.891714
48.73487,127,5581.366282
54.984845,157,5582.09491
36.001084,100,5582.531645
54.204473,98,5582.917027
43.771201,112,5583.349335
43.84632,146,5583.893974
241.974985,174,5584.545454
13.865285,167,5585.156479
254.820689,202,5585.951142
289.702156,192,5586.819995
50.061076,119,5587.310675
269.945255,193,5588.116164
29.508824,128,5588.658218
300.15005,174,5589.355042
35.094313,183,5590.269609
190.819076,1000,5594.48586
245.218862,206,5595.341954
48.075023,142,5595.914112
285.853852,180,5596.590832
47.098955,107,5597.025193
250.5875,314,5598.402771
254.536338,197,5599.351929
290.39005,191,5600.121131
291.621778,219,5601.012751
284.859009,232,5602.035208
256.243669,177,5602.742144
54.514861,149,5603.33208
303.502172,195,5604.264216
244.870524,165,5604.854223
49.59443,171,5605.639146
62.844052,132,5606.159752
26.959854,141,5606.735691
277.118646,194,5607.528826
242.390266,176,5608.311429
235.744387,224,5609.231642
271.026588,196,5610.003315
44.900699,121,5610.47429
269.73465,266,5611.691931
54.608428,106,5612.194574
54.270787,150,5612.822632
73.790067,145,5613.429097
57.762189,175,5614.289562
291.931358,210,5615.247076
277.363528,192,5616.38767
295.654148,236,5617.769545
290.233994,190,5619.106752
266.144244,202,5620.357198
227.078779,168,5621.09298
278.567931,162,5621.844667
70.991332,149,5622.533334
277.639606,223,5623.529091
46.68835,137,5624.046062
69.466591,133,5624.567281
69.280909,96,5625.068746
311.277031,214,5626.234101
214.504446,638,5629.26969
304.308255,162,5630.015312
-9.726557,117,5630.535294
64.818511,150,5631.306446
12.499983,94,5631.694911
51.557283,137,5632.299629
55.553399,135,5632.832446
5.305947,114,5633.314243
267.92856,180,5634.073528
27.744621,110,5634.492091
263.309495,236,5635.446659
47.783616,163,5636.120377
296.584824,191,5637.095613
264.389034,215,5638.117611
290.510605,203,5638.912638
278.674422,230,5639.791624
267.771119,225,5640.775611
300.858709,208,5641.725793
276.73149,222,5642.558084
63.025079,106,5643.00073
290.087324,164,5643.80476
306.499419,260,5645.12012
68.775082,87,5645.555192
20.716725,114,5646.137659
303.869012,178,5646.95118
61.90557,148,5647.512041
302.3732,168,5648.195678
273.590376,178,5648.891899
276.558362,220,5649.791343
325.783616,154,5650.356652
280.627414,210,5651.23263
273.185683,213,5652.059722
83.630985,163,5652.734693
305.144609,241,5653.609457
291.325516,177,5654.244709
73.816614,144,5654.841979
57.904344,112,5655.256343
284.494691,209,5656.119825
58.845294,126,5656.661584
278.666254,221,5657.617594
244.556408,181,5658.289334
283.085946,202,5659.163153
44.664454,139,5659.679183
296.331832,227,5660.608775
263.192139,185,5661.604498
177.531803,1000,5666.737897
270.991577,264,5668.089929
259.174068,178,5668.937998
269.80525,164,5669.696103
284.369881,200,5670.50376
20.202305,121,5671.049391
37.790094,117,5671.593619
46.538801,117,5672.079172
62.02409,138,5672.633728
248.854295,195,5673.368428
17.086743,132,5673.964031
67.833381,128,5674.497804
268.770535,176,5675.271862
272.334891,216,5676.09671
303.925556,207,5677.133438
73.798393,122,5677.564444
263.00437,177,5678.330795
29.335348,91,5678.792259
298.405827,206,5679.715911
298.524134,217,5680.742511
12.845704,100,5681.210546
288.240942,216,5682.017118
258.508623,139,5682.482355
73.919845,141,5683.035363
274.786865,156,5683.693096
289.429881,199,5684.606265
278.337035,192,5685.683653
73.574461,134,5686.264375
259.928656,189,5687.12045
41.008287,108,5687.63938
35.176456,124,5688.131734
30.991349,132,5688.795933
292.406742,192,5689.742819
274.249775,170,5690.627063
283.210143,188,5691.452378
64.975694,132,5691.992424
225.362375,186,5692.821527
28.742945,133,5693.595802
278.707449,205,5694.43586
91.870471,169,5695.195601
277.82903,211,5695.983262
268.335202,209,5696.765269
62.374809,131,5697.245709
61.797385,166,5697.886696
75.449961,133,5698.376528
312.021843,173,5699.135061
257.782591,164,5699.781569
29.094991,153,5700.316893
258.28581,190,5701.236042
279.128719,217,5702.381249
309.983949,194,5703.521308
271.715768,211,5704.598055
286.550969,174,5705.599099
64.760163,156,5706.33453
284.543181,227,5707.532321
293.105789,192,5708.526111
40.280384,135,5709.152578
63.174652,156,5709.812878
290.86857,191,5710.560808
34.756151,124,5711.281363
284.865989,160,5712.154563
79.929141,162,5712.905554
33.92848,101,5713.424763
70.934368,143,5714.136559
4.257307,112,5714.686588
290.198371,217,5715.798583
302.645692,204,5716.665421
299.887246,191,5717.369512
227.897511,185,5718.063926
269.22218,201,5718.749987
75.074935,134,5719.219818
278.23859,201,5720.068874
79.297625,139,5720.648155
288.177198,219,5721.735743
32.014339,114,5722.315869
283.889925,160,5723.001174
275.717135,183,5723.862569
278.035772,182,5724.597751
249.145658,160,5725.285679
262.846151,178,5726.096615
302.618568,230,5727.206277
312.18956,195,5728.050342
293.153129,206,5728.880414
291.065903,187,5729.699348
261.250182,179,5730.467129
241.062905,159,5731.101548
301.555851,249,5732.304423
258.691101,169,5732.97537
259.005513,177,5733.685229
285.318988,202,5734.430758
282.709189,165,5735.132585
256.808247,170,5735.798045
301.209195,175,5736.415487
70.615131,124,5737.054369
300.812909,174,5737.855329
42.536543,102,5738.368618
292.600654,225,5739.758047
71.154698,134,5740.511251
289.620263,898,5744.705713
323.028529,187,5745.528666
265.080571,170,5746.229191
65.481336,107,5746.764756
265.531941,170,5747.545232
279.63197,192,5748.343664
288.951625,433,5750.254588
280.177724,207,5751.386862
286.740284,178,5752.22044
315.670671,177,5753.027226
293.687724,190,5753.807438
247.61169,167,5754.567022
280.616301,204,5755.350202
309.652413,175,5756.069297
272.545394,176,5756.810339
303.783141,207,5757.904896
294.754264,583,5760.653494
287.090138,167,5761.427067
296.118497,220,5762.422225
263.880929,208,5763.434977
277.432857,475,5765.524598
273.608292,176,5766.353842
72.9883,125,5766.886302
262.34141,208,5767.820416
289.948319,195,5768.719999
295.917483,319,5770.053684
298.235722,240,5771.007379
249.214305,168,5771.694183
306.52269,234,5772.624149
280.499275,244,5773.669203
260.787309,189,5774.501258
269.989775,908,5779.472737
258.918283,167,5780.273151
284.134732,171,5781.083866
258.819174,179,5781.938013
311.587695,173,5782.648458
296.623115,208,5783.610481
59.679796,144,5784.372152
69.705238,144,5785.01472
254.731214,184,5785.936284
280.366807,208,5786.985261
86.757584,150,5787.548106
298.391415,218,5788.337214
278.609483,221,5789.243701
22.114291,100,5789.589236
279.022328,211,5790.461046
258.35938,154,5791.121632
304.462878,234,5792.09099
281.874653,173,5792.914825
293.694215,201,5793.835725
67.381827,111,5794.324345
294.033207,209,5795.255122
282.009406,230,5796.465691
304.51323,207,5797.471853
268.896469,207,5798.320707
63.638347,123,5798.730229
59.452756,111,5799.242906
253.136357,148,5799.879781
283.585444,192,5800.652687
261.823405,543,5802.974063
303.444836,211,5804.083211
40.023132,98,5804.564257
280.806316,198,5805.421385
280.079453,180,5806.191067
49.275793,122,5806.72912
21.643502,99,5807.073782
57.277841,137,5807.57907
74.729916,147,5808.161629
80.957026,149,5808.806805
63.822041,122,5809.385649
279.310452,190,5810.150512
70.885179,117,5810.634989
298.008166,204,5811.426836
43.076785,100,5811.817236
315.825457,212,5812.740075
46.159472,121,5813.27864
60.461787,117,5813.779706
262.658077,201,5814.761116
39.930431,136,5815.260944
153.259995,1000,5820.456107
67.905529,126,5820.945448
287.358871,155,5821.509177
298.893778,226,5822.38086
267.724241,208,5823.221995
281.568782,223,5824.16238
302.283105,239,5825.201293
291.546912,241,5826.344959
81.879327,142,5826.907076
274.927266,202,5827.83851
238.539047,154,5828.514889
308.082776,229,5829.56002
84.182674,152,5830.280914
289.60431,808,5834.694118
64.669686,118,5835.30977
290.87662,202,5836.312914
43.586021,125,5836.971961
301.384681,210,5838.296458
283.261961,181,5839.135209
35.546228,124,5839.650848
88.884052,144,5840.450768
41.459964,124,5840.957491
284.696677,151,5841.613037
66.732643,137,5842.169388
243.166337,185,5842.939136
294.693334,141,5843.58032
287.209041,214,5844.509464
284.575967,211,5845.62275
47.301653,137,5846.351731
286.11012,203,5847.325151
81.214039,156,5848.003913
30.06966,97,5848.407689
245.416778,190,5849.311587
66.233643,83,5849.679466
281.616746,194,5850.411437
313.501805,205,5851.224006
289.754749,202,5852.075538
71.131804,111,5852.471472
68.112072,119,5852.909472
281.237136,213,5853.863914
280.85757,165,5854.673465
240.123156,157,5855.483909
280.175972,206,5856.39338
271.209479,199,5857.408036
291.479735,203,5858.256143
272.181121,156,5858.873638
303.403191,185,5859.561166
270.831018,194,5860.606251
76.293103,102,5861.088965
277.069578,154,5861.791935
270.504008,186,5862.631799
261.881837,183,5863.344409
54.185244,113,5863.784287
260.932566,201,5864.584173
249.968683,701,5867.791707
265.909684,198,5868.735037
270.208252,253,5869.980128
307.712772,191,5871.076768
75.094867,120,5871.606861
276.878744,172,5872.421633
51.789204,129,5872.915991
295.195852,224,5873.882218
270.081097,178,5874.613846
283.921711,216,5875.676033
300.437508,181,5876.623224
300.743703,155,5877.202154
276.050823,205,5878.179203
318.144759,200,5878.988857
280.64902,157,5879.671627
296.586494,199,5880.557846
282.256009,202,5881.514671
289.104509,179,5882.303266
290.704452,208,5883.202207
276.53323,202,5883.973236
310.191502,173,5884.806853
286.103385,194,5885.714786
252.482383,167,5886.435451
302.238551,202,5887.331771
279.418889,197,5888.251606
302.299133,184,5889.010398
257.27599,192,5889.918873
267.106052,207,5890.716253
87.554037,148,5891.223061
308.51803,188,5892.048898
254.056105,167,5892.729724
296.300175,167,5893.356001
299.574531,196,5894.265054
312.044348,192,5895.192193
301.322876,200,5896.355875
274.632831,186,5897.286622
279.893698,180,5898.079492
293.819591,211,5899.137846
286.929238,210,5899.955265
247.130165,165,5900.668085
272.471182,204,5901.510911
278.182659,217,5902.328864
301.720123,183,5903.103428
296.115957,201,5903.97069
273.237095,200,5904.911698
315.709273,226,5905.880318
282.297757,202,5906.622016
257.049813,174,5907.314372
71.602371,132,5907.957515
291.622917,203,5908.712479
305.402678,218,5909.750273
293.321418,237,5910.816701
56.578298,121,5911.334411
294.162024,190,5912.098499
303.328098,196,5912.938748
310.248986,233,5913.838457
269.082102,168,5914.603134
282.149958,214,5915.539591
308.264723,216,5916.41802
78.158722,140,5917.006206
244.98199,183,5917.864145
283.184986,204,5918.638654
287.311534,198,5919.457839
63.908119,111,5919.873248
70.981229,155,5920.530493
312.603268,192,5921.304118
283.725082,178,5922.016952
273.623531,198,5922.891927
311.197193,188,5923.728151
250.103514,209,5924.788066
306.704486,235,5926.173214
280.197963,205,5927.069457
297.848872,205,5927.931028
320.45725,202,5928.790459
256.343238,169,5929.464557
47.242804,158,5930.082116
278.427237,194,5930.975269
299.500317,196,5931.92682
269.36335,175,5932.624522
255.302321,199,5933.593629
299.251379,198,5934.473105
289.734707,193,5935.325099
260.822589,170,5936.254146
47.278647,135,5936.884227
273.507281,194,5937.646397
274.227941,138,5938.190376
59.182292,115,5938.597859
292.207717,176,5939.275686
278.853665,229,5940.30718
302.402002,193,5941.003326
268.327302,199,5941.880883
274.42133,174,5942.655086
290.368133,200,5943.412241
308.231346,213,5944.432651
292.657093,196,5945.258782
257.102934,191,5946.063976
267.386326,151,5946.630219
279.746152,175,5947.304956
307.81355,172,5948.225313
262.404865,182,5949.098328
9.554623,191,5950.059348
262.780082,185,5951.146558
263.796701,179,5952.080126
273.989814,174,5952.967923
270.338323,180,5954.021383
291.156167,212,5955.224166
69.991422,116,5955.912777
264.130831,202,5956.715439
42.546924,115,5957.14926
260.209408,175,5957.841977
254.915476,194,5958.696114
271.610774,158,5959.260226
256.398343,179,5959.898693
305.622157,233,5960.956983
66.758784,131,5961.391765
274.441734,165,5961.99314
260.357803,184,5962.820703
308.107506,233,5963.826666
283.185409,211,5964.645886
58.055129,119,5965.134416
272.178317,201,5966.14432
91.48347,151,5966.782086
259.793441,651,5970.058664
247.113865,188,5970.822884
256.844875,157,5971.443652
244.369117,175,5972.149989
250.517907,187,5972.848567
267.146372,167,5973.622028
11.632504,134,5974.233807
270.17631,184,5974.898994
269.030795,254,5976.035096
288.741122,175,5976.710119
314.757911,183,5977.545211
301.637731,495,5979.540853
262.099785,197,5980.296663
83.707653,133,5980.764586
253.712755,154,5981.345629
251.500202,201,5982.224346
266.121994,196,5983.019037
274.618513,167,5983.653796
267.547738,142,5984.178362
283.394224,183,5984.860694
267.208316,180,5985.640716
306.260544,216,5986.504729
280.694482,168,5987.211868
267.952823,253,5988.393974
293.325369,160,5988.960553
279.682792,387,5990.875794
289.029928,185,5991.583566
65.29061,112,5992.007818
282.095218,175,5992.679119
263.16371,198,5993.419418
283.436992,164,5994.238682
64.898381,127,5994.841639
277.666262,178,5995.682266
273.075853,180,5996.571362
296.933096,190,5997.362544
277.806942,230,5998.288312
300.93504,188,5999.037893
268.880805,199,5999.936692
258.583559,167,6000.657073
286.147747,181,6001.417008
276.316488,206,6002.258552
264.903307,167,6003.022331
313.703928,195,6003.837744
288.514713,186,6004.709351
314.731033,224,6005.77526
312.953367,186,6006.585031
279.424761,203,6007.617163
275.576929,170,6008.299695
252.846356,149,6008.815845
305.56762,192,6009.715956
275.076901,179,6010.468296
45.380202,111,6010.859007
61.815512,132,6011.395791
250.953252,203,6012.2269
293.274687,147,6012.742018
280.134944,178,6013.449945
285.085963,196,6014.452734
288.633859,179,6015.254111
281.111018,184,6016.09662
265.649692,193,6016.797107
263.880894,213,6017.758999
256.445954,174,6018.478854
295.771028,180,6019.32524
49.79271,101,6019.802483
248.090531,440,6021.950799
61.170163,107,6022.436568
259.204091,174,6023.167112
274.16945,189,6024.011138
60.564133,112,6024.608531
296.844843,189,6025.495534
289.976871,171,6026.227314
74.030119,125,6026.866382
265.082814,176,6027.692142
282.579511,216,6028.910263
271.227861,192,6029.643512
279.985478,160,6030.211261
304.718493,209,6031.196149
259.247636,146,6031.854773
270.990322,192,6032.624192
280.332318,199,6033.449241
257.103837,191,6034.201973
317.178862,199,6035.13015
315.896044,190,6035.978832
309.637741,189,6036.900449
42.568644,120,6037.415375
261.158158,196,6038.327138
54.40324,129,6038.894715
293.154501,181,6039.71553
251.019779,181,6040.52124
296.16406,178,6041.327489
261.093298,167,6042.13222
269.821531,305,6043.802379
283.981617,175,6044.689215
44.249687,110,6045.232052
307.945571,188,6046.106987
293.178343,216,6047.158934
286.133524,166,6047.912791
300.04356,198,6048.802889
255.922767,188,6049.640082
87.181805,129,6050.245781
51.266549,118,6050.764122
277.998223,185,6051.473491
258.304291,156,6052.117841
290.201284,137,6052.803901
256.955085,211,6053.775658
252.585327,181,6054.620345
86.454072,124,6055.245015
290.763996,151,6055.916997
232.627518,239,6056.947022
275.138315,168,6057.754521
275.217121,177,6058.56391
250.57681,329,6060.281451
75.263367,88,6060.692382
269.031445,170,6061.550035
293.646879,177,6062.260578
296.527511,198,6062.985634
294.26773,224,6063.96929
309.101094,173,6064.598299
266.95403,192,6065.438915
79.760492,117,6065.916589
294.227855,213,6066.767013
307.832929,183,6067.538307
299.037955,211,6068.586983
263.558512,177,6069.415738
278.202087,171,6070.349283
230.10747,708,6074.111624
254.235451,645,6076.997995
290.930334,147,6077.679294
269.548244,238,6078.890312
38.946158,183,6079.724272
258.65616,188,6080.59667
73.511945,108,6081.040618
22.318034,144,6081.609448
90.879611,147,6082.228768
308.151865,220,6083.102364
276.551298,177,6083.77663
265.239503,175,6084.609088
63.334657,101,6085.091609
35.39513,92,6085.490493
268.893258,197,6086.328152
284.084863,188,6087.053
22.844594,81,6087.365529
265.693547,186,6088.192943
73.486593,124,6088.634122
251.929328,251,6089.643506
290.90913,203,6090.47011
326.567067,235,6091.604757
62.014771,109,6092.067884
31.879183,109,6092.567202
253.693424,211,6093.44797
310.806264,205,6094.188874
290.882724,210,6095.160483
82.464255,152,6095.856859
249.128921,172,6096.636957
281.714041,179,6097.331457
293.640863,230,6098.423963
238.746823,234,6099.43301
301.966254,185,6100.228897
238.466942,232,6101.209723
280.547082,147,6101.72148
286.732961,157,6102.317697
304.299638,201,6103.224663
292.318524,200,6104.203053
271.79779,182,6104.845627
236.277265,204,6105.733573
55.434546,141,6106.37635
70.424841,119,6106.973014
76.388544,151,6107.6494
50.278215,86,6107.955919
290.888701,186,6108.71459
315.233855,242,6110.04011
264.393484,218,6110.815262
64.022305,126,6111.399632
273.893474,200,6112.357877
286.625526,190,6113.273457
274.961849,275,6114.742138
306.175001,176,6115.444628
306.977663,228,6116.537236
300.019397,196,6117.362168
275.251946,208,6118.273721
273.004438,181,6119.064211
319.668027,212,6119.965021
277.503837,201,6120.744043
308.174024,196,6121.682681
267.248187,360,6123.4195
318.190991,169,6124.221112
296.249872,195,6125.099467
299.864634,221,6126.101631
252.400239,170,6126.907775
253.10425,186,6127.75226
66.865056,129,6128.357644
296.290892,180,6129.313112
291.873225,183,6130.374357
84.657489,133,6130.991045
263.242243,182,6131.825956
261.154704,199,6132.800168
305.009486,188,6133.716342
42.155396,117,6134.277243
246.596081,179,6135.10057
289.480284,199,6136.138869
269.549427,186,6136.787538
299.088908,183,6137.547908
279.590248,207,6138.67478
288.495616,193,6139.651384
311.33003,229,6141.183449
284.553723,242,6142.437007
276.234164,241,6143.581416
311.99771,183,6144.359346
249.87473,179,6145.186986
272.282468,171,6146.046682
259.45034,195,6147.064464
14.343188,115,6147.563709
260.618674,198,6148.527022
283.859371,228,6149.506908
268.933406,165,6150.175657
296.665251,223,6151.345141
70.906829,130,6152.102919
59.828992,136,6152.786236
277.262759,203,6153.832767
285.575628,201,6154.773658
249.540705,274,6155.940582
315.683797,259,6156.981618
277.145023,207,6157.830146
267.935776,200,6158.672452
264.010009,222,6159.520211
286.402418,180,6160.495494
297.045207,207,6161.521903
283.050653,220,6162.369737
253.795164,201,6163.143299
293.024269,188,6164.013646
241.589604,166,6164.638585
292.148141,182,6165.392051
295.025095,145,6165.959799
248.877236,192,6166.695971
257.505701,155,6167.24712
244.69687,227,6168.251527
294.452989,202,6169.094717
275.13729,176,6169.790681
68.437181,121,6170.314665
312.582301,207,6171.208238
278.004924,201,6172.229619
314.27058,200,6173.047872
294.279617,389,6174.949709
289.279619,206,6176.054683
251.464349,165,6176.815846
